id,domain,feature,entry,variants,oracle,support,status,source,recipe
"sessions.001","sessions","Start authoritative server","Coop menu / connection workflow","server launch; no player hero/party on host","server campaign reaches readiness without consuming a client slot","unverified","source-inspected","source/Coop.Core/Client;source/Coop.Core/Server;source/Coop/CoopMod.cs","recipes/two-clients.md"
"sessions.002","sessions","Join a server","Coop menu / connection workflow","server address; Steam selection; explicit join","client obtains its own registered hero and party","unverified","source-inspected","source/Coop.Core/Client;source/Coop.Core/Server;source/Coop/CoopMod.cs","recipes/two-clients.md"
"sessions.003","sessions","Password admission","Coop menu / connection workflow","correct; incorrect; changed during reconnect","admission decision agrees with configured server password","unverified","source-inspected","source/Coop.Core/Client;source/Coop.Core/Server;source/Coop/CoopMod.cs",""
"sessions.004","sessions","Module admission","Coop menu / connection workflow","matching modules; mismatched module set or version","mismatch is reported before incompatible campaign state is applied","unverified","source-inspected","source/Coop.Core/Client;source/Coop.Core/Server;source/Coop/CoopMod.cs",""
"sessions.005","sessions","Save transfer","Coop menu / connection workflow","initial join; interrupted transfer; late join","client loads the server campaign identity before gameplay becomes ready","unverified","source-inspected","source/Coop.Core/Client;source/Coop.Core/Server;source/Coop/CoopMod.cs","recipes/two-clients.md"
"sessions.006","sessions","Player identity","Coop menu / connection workflow","new player; existing saved registration","the same player resolves to the intended hero and party after rejoin","unverified","source-inspected","source/Coop.Core/Client;source/Coop.Core/Server;source/Coop/CoopMod.cs","recipes/two-clients.md"
"sessions.007","sessions","Second client admission","Coop menu / connection workflow","two different platform identities; repeated join","two clients are admitted with distinct player parties","unverified","source-inspected","source/Coop.Core/Client;source/Coop.Core/Server;source/Coop/CoopMod.cs","recipes/two-clients.md"
"sessions.008","sessions","Disconnect player","Coop menu / connection workflow","normal leave; lost connection; crash","remaining peers observe the intended player/party state","unverified","source-inspected","source/Coop.Core/Client;source/Coop.Core/Server;source/Coop/CoopMod.cs",""
"sessions.009","sessions","Reconnect player","Coop menu / connection workflow","same campaign; while other client continues","rejoining client converges without duplicate registered world objects","unverified","source-inspected","source/Coop.Core/Client;source/Coop.Core/Server;source/Coop/CoopMod.cs","recipes/two-clients.md"
"sessions.010","sessions","Join during campaign action","Coop menu / connection workflow","AI movement; settlement change; ongoing encounter","initial state and subsequent updates have a consistent order","unverified","source-inspected","source/Coop.Core/Client;source/Coop.Core/Server;source/Coop/CoopMod.cs","recipes/two-clients.md"
"sessions.011","sessions","Server shutdown","Coop menu / connection workflow","idle; clients connected; pending save","owned shutdown retains the expected save and terminates owned processes","unverified","source-inspected","source/Coop.Core/Client;source/Coop.Core/Server;source/Coop/CoopMod.cs",""
"sessions.012","sessions","Connection error presentation","Coop menu / connection workflow","unreachable server; rejected join; partial startup","visible reason agrees with the returned failure and readiness state","unverified","source-inspected","source/Coop.Core/Client;source/Coop.Core/Server;source/Coop/CoopMod.cs","recipes/two-clients.md"
"character.001","character","Create player character","Client character creation / character screen","first admission; returning player","new character belongs to exactly one admitted player","unverified","candidate","source/GameInterface/Services/CharacterCreation;source/GameInterface/Services/Heroes;source/GameInterface/Services/Banners",""
"character.002","character","Select culture","Client character creation / character screen","available cultures; saved culture","chosen culture survives replication and reload","unverified","candidate","source/GameInterface/Services/CharacterCreation;source/GameInterface/Services/Heroes;source/GameInterface/Services/Banners",""
"character.003","character","Choose background","Client character creation / character screen","childhood; adolescence; adulthood choices","selected background produces the intended initial development state","unverified","candidate","source/GameInterface/Services/CharacterCreation;source/GameInterface/Services/Heroes;source/GameInterface/Services/Banners",""
"character.004","character","Choose body appearance","Client character creation / character screen","face; hair; age; build; weight; sex","own character appearance matches on both rendered clients","unverified","candidate","source/GameInterface/Services/CharacterCreation;source/GameInterface/Services/Heroes;source/GameInterface/Services/Banners",""
"character.005","character","Name hero","Client character creation / character screen","initial name; name edit; localized characters","name is visible consistently in campaign and character UI","unverified","candidate","source/GameInterface/Services/CharacterCreation;source/GameInterface/Services/Heroes;source/GameInterface/Services/Banners",""
"character.006","character","Name clan","Client character creation / character screen","initial clan name; rename","clan name converges without changing clan identity","unverified","candidate","source/GameInterface/Services/CharacterCreation;source/GameInterface/Services/Heroes;source/GameInterface/Services/Banners",""
"character.007","character","Edit banner","Client character creation / character screen","colors; emblem; saved banner","party and mission banner use the selected design","unverified","candidate","source/GameInterface/Services/CharacterCreation;source/GameInterface/Services/Heroes;source/GameInterface/Services/Banners",""
"character.008","character","Initial equipment","Client character creation / character screen","battle; civilian; stealth equipment","correct equipment is used in each applicable context","unverified","candidate","source/GameInterface/Services/CharacterCreation;source/GameInterface/Services/Heroes;source/GameInterface/Services/Banners",""
"character.009","character","Create starting party","Client character creation / character screen","registration; ownership; initial roster","the client has one controllable party with resolvable network IDs","unverified","candidate","source/GameInterface/Services/CharacterCreation;source/GameInterface/Services/Heroes;source/GameInterface/Services/Banners",""
"character.010","character","Character creation cancellation","Client character creation / character screen","before confirmation; reconnect during creation","cancellation does not leave a second hero or party","unverified","candidate","source/GameInterface/Services/CharacterCreation;source/GameInterface/Services/Heroes;source/GameInterface/Services/Banners",""
"movement.001","movement","Move to map position","Client campaign map","short travel; long travel; unreachable destination","authoritative position reaches the selected reachable destination","unverified","candidate","source/GameInterface/Services/MobileParties;source/GameInterface/Services/MobilePartyAIs;source/GameInterface/Services/MapTracks",""
"movement.002","movement","Move to settlement","Client campaign map","town; castle; village; hostile settlement","party reaches the correct settlement and entry state","unverified","candidate","source/GameInterface/Services/MobileParties;source/GameInterface/Services/MobilePartyAIs;source/GameInterface/Services/MapTracks",""
"movement.003","movement","Follow another party","Client campaign map","own companion; allied party; another player","follow target identity remains stable as the target moves","unverified","candidate","source/GameInterface/Services/MobileParties;source/GameInterface/Services/MobilePartyAIs;source/GameInterface/Services/MapTracks",""
"movement.004","movement","Escort party","Client campaign map","escort begins; target changes; escort ends","escort behavior and resulting movement agree on all peers","unverified","candidate","source/GameInterface/Services/MobileParties;source/GameInterface/Services/MobilePartyAIs;source/GameInterface/Services/MapTracks",""
"movement.005","movement","Patrol map region","Client campaign map","patrol point; repeated AI tick","party changes movement according to the authoritative patrol state","unverified","candidate","source/GameInterface/Services/MobileParties;source/GameInterface/Services/MobilePartyAIs;source/GameInterface/Services/MapTracks",""
"movement.006","movement","Flee another party","Client campaign map","enemy approach; danger passes","escape target and movement state converge","unverified","candidate","source/GameInterface/Services/MobileParties;source/GameInterface/Services/MobilePartyAIs;source/GameInterface/Services/MapTracks",""
"movement.007","movement","Wait on campaign map","Client campaign map","stationary; enemy encounter while waiting","time passes under server policy and encounters interrupt correctly","unverified","candidate","source/GameInterface/Services/MobileParties;source/GameInterface/Services/MobilePartyAIs;source/GameInterface/Services/MapTracks",""
"movement.008","movement","Stop movement","Client campaign map","manual stop; target removed","party stops without a stale movement order being reapplied","unverified","candidate","source/GameInterface/Services/MobileParties;source/GameInterface/Services/MobilePartyAIs;source/GameInterface/Services/MapTracks",""
"movement.009","movement","Encounter moving party","Client campaign map","friendly; neutral; enemy; player party","all peers agree on encounter participants and action availability","unverified","candidate","source/GameInterface/Services/MobileParties;source/GameInterface/Services/MobilePartyAIs;source/GameInterface/Services/MapTracks",""
"movement.010","movement","Map movement speed","Client campaign map","food; morale; terrain; day/night; load","observed travel rate follows the applicable model and current party state","unverified","candidate","source/GameInterface/Services/MobileParties;source/GameInterface/Services/MobilePartyAIs;source/GameInterface/Services/MapTracks",""
"movement.011","movement","Map visibility","Client campaign map","nearby; outside sight; hidden party; late join","each player sees the permitted authoritative party state","unverified","candidate","source/GameInterface/Services/MobileParties;source/GameInterface/Services/MobilePartyAIs;source/GameInterface/Services/MapTracks",""
"movement.012","movement","Map tracks","Client campaign map","track creation; age; followed party","track identity and presentation match the observed campaign activity","unverified","candidate","source/GameInterface/Services/MobileParties;source/GameInterface/Services/MobilePartyAIs;source/GameInterface/Services/MapTracks",""
"movement.013","movement","Settlement exit","Client campaign map","ordinary leave; hostile escape; menu transition","party exits the correct settlement and can move afterward","unverified","candidate","source/GameInterface/Services/MobileParties;source/GameInterface/Services/MobilePartyAIs;source/GameInterface/Services/MapTracks",""
"movement.014","movement","Destroy movement target","Client campaign map","target party removed; settlement context changes","movement releases the dead target without registry lookup failure","unverified","candidate","source/GameInterface/Services/MobileParties;source/GameInterface/Services/MobilePartyAIs;source/GameInterface/Services/MapTracks",""
"party.001","party","Recruit troops","Client party screen / campaign map","town; village; mercenary; volunteer slots","roster increases once and gold/volunteer stock decreases accordingly","unverified","candidate","source/GameInterface/Services/Party;source/GameInterface/Services/TroopRosters;source/GameInterface/Services/MobileParties",""
"party.002","party","Upgrade troops","Client party screen / campaign map","eligible; insufficient XP; insufficient gold; mount requirement","chosen upgrade consumes the correct resources and preserves total troop count","unverified","candidate","source/GameInterface/Services/Party;source/GameInterface/Services/TroopRosters;source/GameInterface/Services/MobileParties",""
"party.003","party","Transfer troops","Client party screen / campaign map","garrison; companion party; dungeon context","source and destination rosters balance after the accepted transfer","unverified","candidate","source/GameInterface/Services/Party;source/GameInterface/Services/TroopRosters;source/GameInterface/Services/MobileParties",""
"party.004","party","Dismiss troops","Client party screen / campaign map","one; stack; wounded troops","selected troops leave once and roster totals remain consistent","unverified","candidate","source/GameInterface/Services/Party;source/GameInterface/Services/TroopRosters;source/GameInterface/Services/MobileParties",""
"party.005","party","Reorder party roster","Client party screen / campaign map","hero; troop stack; formation preference","saved roster ordering matches the player's selection","unverified","candidate","source/GameInterface/Services/Party;source/GameInterface/Services/TroopRosters;source/GameInterface/Services/MobileParties",""
"party.006","party","Inspect troop details","Client party screen / campaign map","healthy; wounded; XP; upgrade targets","UI totals agree with authoritative roster state","unverified","candidate","source/GameInterface/Services/Party;source/GameInterface/Services/TroopRosters;source/GameInterface/Services/MobileParties",""
"party.007","party","Recruit prisoners","Client party screen / campaign map","available; insufficient conformity; hero prisoner","only permitted prisoners become troops and prisoner totals decrease","unverified","candidate","source/GameInterface/Services/Party;source/GameInterface/Services/TroopRosters;source/GameInterface/Services/MobileParties",""
"party.008","party","Ransom prisoners","Client party screen / campaign map","ordinary troops; hero; selected stack","gold and prisoner removal reflect one completed ransom","unverified","candidate","source/GameInterface/Services/Party;source/GameInterface/Services/TroopRosters;source/GameInterface/Services/MobileParties",""
"party.009","party","Transfer prisoners","Client party screen / campaign map","party to dungeon; dungeon to party","both prisoner rosters conserve the transferred count","unverified","candidate","source/GameInterface/Services/Party;source/GameInterface/Services/TroopRosters;source/GameInterface/Services/MobileParties",""
"party.010","party","Troop healing","Client party screen / campaign map","wounded; settlement rest; surgeon role","healthy/wounded totals follow observed healing ticks","unverified","candidate","source/GameInterface/Services/Party;source/GameInterface/Services/TroopRosters;source/GameInterface/Services/MobileParties",""
"party.011","party","Troop casualties","Client party screen / campaign map","battle; simulation; raid; starvation","casualty types and resulting roster counts converge","unverified","candidate","source/GameInterface/Services/Party;source/GameInterface/Services/TroopRosters;source/GameInterface/Services/MobileParties",""
"party.012","party","Party food consumption","Client party screen / campaign map","food present; no food; multiple food types","consumed items and party food state agree after the tick","unverified","candidate","source/GameInterface/Services/Party;source/GameInterface/Services/TroopRosters;source/GameInterface/Services/MobileParties",""
"party.013","party","Party morale","Client party screen / campaign map","food diversity; wages; battles; recent events","morale and consequences match the applicable party state","unverified","candidate","source/GameInterface/Services/Party;source/GameInterface/Services/TroopRosters;source/GameInterface/Services/MobileParties",""
"party.014","party","Pay party wages","Client party screen / campaign map","sufficient funds; insufficient funds; daily tick","gold and wage-related consequences occur once per authoritative tick","unverified","candidate","source/GameInterface/Services/Party;source/GameInterface/Services/TroopRosters;source/GameInterface/Services/MobileParties",""
"party.015","party","Party capacity","Client party screen / campaign map","below cap; at cap; over cap","displayed limit and overcrowding consequences match the current model","unverified","candidate","source/GameInterface/Services/Party;source/GameInterface/Services/TroopRosters;source/GameInterface/Services/MobileParties",""
"party.016","party","Party trade gold","Client party screen / campaign map","trade; daily income; gold transfer","party funds converge separately from hero funds","unverified","candidate","source/GameInterface/Services/Party;source/GameInterface/Services/TroopRosters;source/GameInterface/Services/MobileParties",""
"party.017","party","Party role assignment","Client party screen / campaign map","scout; surgeon; engineer; quartermaster","assigned hero and effective role are consistent after replacement","unverified","candidate","source/GameInterface/Services/Party;source/GameInterface/Services/TroopRosters;source/GameInterface/Services/MobileParties",""
"party.018","party","Create companion party","Client party screen / campaign map","eligible companion; party limit","new party has one owner and registered component/rosters","unverified","candidate","source/GameInterface/Services/Party;source/GameInterface/Services/TroopRosters;source/GameInterface/Services/MobileParties",""
"party.019","party","Disband companion party","Client party screen / campaign map","travelling; returning; owner change","party reaches the correct disband state without a zombie party","unverified","candidate","source/GameInterface/Services/Party;source/GameInterface/Services/TroopRosters;source/GameInterface/Services/MobileParties",""
"party.020","party","Party wage limit","Client party screen / campaign map","limit edit; automatic recruitment","wage limit controls recruitment as the source specifies","unverified","candidate","source/GameInterface/Services/Party;source/GameInterface/Services/TroopRosters;source/GameInterface/Services/MobileParties",""
"heroes.001","heroes","Change hero gold","Hero / companion / family interfaces","reward; purchase; transfer; loss","hero gold changes once and agrees on both clients","unverified","candidate","source/GameInterface/Services/Heroes;source/GameInterface/Services/Companions;source/GameInterface/Services/Actions",""
"heroes.002","heroes","Change hero state","Hero / companion / family interfaces","active; wounded; prisoner; dead; disabled","state transitions and campaign membership remain consistent","unverified","candidate","source/GameInterface/Services/Heroes;source/GameInterface/Services/Companions;source/GameInterface/Services/Actions",""
"heroes.003","heroes","Hire companion","Hero / companion / family interfaces","tavern conversation; fee; party full","hired hero joins the intended clan and party after payment","unverified","candidate","source/GameInterface/Services/Heroes;source/GameInterface/Services/Companions;source/GameInterface/Services/Actions",""
"heroes.004","heroes","Dismiss companion","Hero / companion / family interfaces","conversation; clan screen","dismissed hero leaves only the owning player's clan/party","unverified","candidate","source/GameInterface/Services/Heroes;source/GameInterface/Services/Companions;source/GameInterface/Services/Actions",""
"heroes.005","heroes","Reassign companion","Hero / companion / family interfaces","party; governor; formation captain","old assignment is removed and new assignment becomes authoritative","unverified","candidate","source/GameInterface/Services/Heroes;source/GameInterface/Services/Companions;source/GameInterface/Services/Actions",""
"heroes.006","heroes","Hero location","Hero / companion / family interfaces","party; settlement; location scene","hero appears in the correct campaign and mission location","unverified","candidate","source/GameInterface/Services/Heroes;source/GameInterface/Services/Companions;source/GameInterface/Services/Actions",""
"heroes.007","heroes","Hero relationship","Hero / companion / family interfaces","positive action; negative action; owner-specific reward","relationship updates reach the intended player hero","unverified","candidate","source/GameInterface/Services/Heroes;source/GameInterface/Services/Companions;source/GameInterface/Services/Actions",""
"heroes.008","heroes","Court hero","Hero / companion / family interfaces","dialogue stages; persuasion success/failure","romance progress belongs to the correct player and partner","unverified","candidate","source/GameInterface/Services/Heroes;source/GameInterface/Services/Companions;source/GameInterface/Services/Actions",""
"heroes.009","heroes","Marriage proposal","Hero / companion / family interfaces","eligible; ineligible; barter payment","marriage and clan changes occur once after accepted terms","unverified","candidate","source/GameInterface/Services/Heroes;source/GameInterface/Services/Companions;source/GameInterface/Services/Actions",""
"heroes.010","heroes","Marriage offer response","Hero / companion / family interfaces","accept; reject; expired offer","only the addressed player's response affects the offer","unverified","candidate","source/GameInterface/Services/Heroes;source/GameInterface/Services/Companions;source/GameInterface/Services/Actions",""
"heroes.011","heroes","Pregnancy and childbirth","Hero / companion / family interfaces","daily tick; parent identity; newborn registration","parentage and new hero identity converge","unverified","candidate","source/GameInterface/Services/Heroes;source/GameInterface/Services/Companions;source/GameInterface/Services/Actions",""
"heroes.012","heroes","Child education","Hero / companion / family interfaces","education stage; choice; deferred choice","selected development affects the intended child","unverified","candidate","source/GameInterface/Services/Heroes;source/GameInterface/Services/Companions;source/GameInterface/Services/Actions",""
"heroes.013","heroes","Hero aging","Hero / companion / family interfaces","campaign time; age milestone","age-dependent state agrees after the authoritative time advance","unverified","candidate","source/GameInterface/Services/Heroes;source/GameInterface/Services/Companions;source/GameInterface/Services/Actions",""
"heroes.014","heroes","Hero death","Hero / companion / family interfaces","battle death; execution; aging","death state, relationships and succession side effects converge","unverified","candidate","source/GameInterface/Services/Heroes;source/GameInterface/Services/Companions;source/GameInterface/Services/Actions",""
"heroes.015","heroes","Hero execution","Hero / companion / family interfaces","permitted prisoner; cancelled confirmation","accepted execution affects the selected prisoner once","unverified","candidate","source/GameInterface/Services/Heroes;source/GameInterface/Services/Companions;source/GameInterface/Services/Actions",""
"heroes.016","heroes","Retirement and heir","Hero / companion / family interfaces","retire; hero death; heir selection","controlled player identity transfers to the intended eligible heir","unverified","candidate","source/GameInterface/Services/Heroes;source/GameInterface/Services/Companions;source/GameInterface/Services/Actions",""
"heroes.017","heroes","Hero notifications","Hero / companion / family interfaces","skills; marriage; death; clan change","notification refers to the affected hero and appears in the proper client context","unverified","candidate","source/GameInterface/Services/Heroes;source/GameInterface/Services/Companions;source/GameInterface/Services/Actions",""
"progression.001","progression","Gain skill XP","Client character development screen","combat; trade; healing; campaign roles","earned XP reaches the intended hero rather than another player's hero","unverified","candidate","source/GameInterface/Services/HeroDevelopers;source/GameInterface/Services/CharacterDevelopers;features/baseline/installed.json",""
"progression.002","progression","Increase skill level","Client character development screen","below threshold; cross threshold; multiple levels","skill value and available perk choices agree after XP is applied","unverified","candidate","source/GameInterface/Services/HeroDevelopers;source/GameInterface/Services/CharacterDevelopers;features/baseline/installed.json",""
"progression.003","progression","Spend attribute point","Client character development screen","available point; no points; repeated click","one accepted choice consumes one point","unverified","candidate","source/GameInterface/Services/HeroDevelopers;source/GameInterface/Services/CharacterDevelopers;features/baseline/installed.json",""
"progression.004","progression","Spend focus point","Client character development screen","available point; learning limit; repeated click","focus and remaining points agree on all peers","unverified","candidate","source/GameInterface/Services/HeroDevelopers;source/GameInterface/Services/CharacterDevelopers;features/baseline/installed.json",""
"progression.005","progression","Select perk","Client character development screen","eligible; alternative already selected; insufficient skill","one valid perk selection is retained and reflected in the UI","unverified","candidate","source/GameInterface/Services/HeroDevelopers;source/GameInterface/Services/CharacterDevelopers;features/baseline/installed.json",""
"progression.006","progression","Apply personal perk effect","Client character development screen","each indexed perk with Personal role","measure the relevant personal action against an independent expected bonus","unverified","candidate","source/GameInterface/Services/HeroDevelopers;source/GameInterface/Services/CharacterDevelopers;features/baseline/installed.json",""
"progression.007","progression","Apply party leader perk effect","Client character development screen","each indexed perk with PartyLeader role","measure the owning party effect without affecting another player's party","unverified","candidate","source/GameInterface/Services/HeroDevelopers;source/GameInterface/Services/CharacterDevelopers;features/baseline/installed.json",""
"progression.008","progression","Apply captain perk effect","Client character development screen","captain assigned; replaced; formation troops","only the eligible formation receives the documented effect","unverified","candidate","source/GameInterface/Services/HeroDevelopers;source/GameInterface/Services/CharacterDevelopers;features/baseline/installed.json",""
"progression.009","progression","Apply governor perk effect","Client character development screen","governor assigned; replaced; no governor","only the governed settlement receives the documented effect","unverified","candidate","source/GameInterface/Services/HeroDevelopers;source/GameInterface/Services/CharacterDevelopers;features/baseline/installed.json",""
"progression.010","progression","Apply clan leader perk effect","Client character development screen","leader; nonleader; leader replacement","clan-level effect follows the active eligible leader","unverified","candidate","source/GameInterface/Services/HeroDevelopers;source/GameInterface/Services/CharacterDevelopers;features/baseline/installed.json",""
"progression.011","progression","Reset perks","Client character development screen","arena master; payment; confirm/cancel","reset removes eligible choices and payment occurs only for the accepted action","unverified","candidate","source/GameInterface/Services/HeroDevelopers;source/GameInterface/Services/CharacterDevelopers;features/baseline/installed.json",""
"progression.012","progression","Trait progression","Client character development screen","reward; betrayal; relation consequence","trait XP/state belongs to the correct player and survives reload","unverified","candidate","source/GameInterface/Services/HeroDevelopers;source/GameInterface/Services/CharacterDevelopers;features/baseline/installed.json",""
"progression.013","progression","Display learning limit","Client character development screen","attributes; focus; skill change","displayed learning state agrees with the authoritative development state","unverified","candidate","source/GameInterface/Services/HeroDevelopers;source/GameInterface/Services/CharacterDevelopers;features/baseline/installed.json",""
"progression.014","progression","Apply Scout perk effect","Client character development screen","scout assigned; scout replaced; no eligible scout","Observe this declared Scout effect only in its actual eligible consumer context; no other role inherits it","unverified","candidate","source/GameInterface/Services/HeroDevelopers;source/GameInterface/Services/CharacterDevelopers;features/baseline/installed.json",""
"progression.015","progression","Apply Engineer perk effect","Client character development screen","engineer assigned; engineer replaced; no eligible engineer","Observe this declared Engineer effect only in its actual eligible consumer context; no other role inherits it","unverified","candidate","source/GameInterface/Services/HeroDevelopers;source/GameInterface/Services/CharacterDevelopers;features/baseline/installed.json",""
"progression.016","progression","Apply Quartermaster perk effect","Client character development screen","quartermaster assigned; quartermaster replaced; no eligible quartermaster","Observe this declared Quartermaster effect only in its actual eligible consumer context; no other role inherits it","unverified","candidate","source/GameInterface/Services/HeroDevelopers;source/GameInterface/Services/CharacterDevelopers;features/baseline/installed.json",""
"progression.017","progression","Apply Surgeon perk effect","Client character development screen","surgeon assigned; surgeon replaced; no eligible surgeon","Observe this declared Surgeon effect only in its actual eligible consumer context; no other role inherits it","unverified","candidate","source/GameInterface/Services/HeroDevelopers;source/GameInterface/Services/CharacterDevelopers;features/baseline/installed.json",""
"progression.018","progression","Apply ArmyCommander perk effect","Client character development screen","army commander; army member; army leadership changes","Observe this declared ArmyCommander effect only in its actual eligible consumer context; no other role inherits it","unverified","candidate","source/GameInterface/Services/HeroDevelopers;source/GameInterface/Services/CharacterDevelopers;features/baseline/installed.json",""
"progression.019","progression","Apply PartyMember perk effect","Client character development screen","perk holder present; holder absent; holder in another party","Observe this declared PartyMember effect only in its actual eligible consumer context; no other role inherits it","unverified","candidate","source/GameInterface/Services/HeroDevelopers;source/GameInterface/Services/CharacterDevelopers;features/baseline/installed.json",""
"inventory.001","inventory","Equip weapon","Client inventory / equipment screen","empty slot; replacement; two-handed; shield","selected item appears in the correct equipment slot and mission","unverified","candidate","source/GameInterface/Services/Inventory;source/GameInterface/Services/ItemRosters;source/GameInterface/Services/Equipments",""
"inventory.002","inventory","Equip armor","Client inventory / equipment screen","head; body; arm; leg; cape","armor and resulting character appearance match both clients","unverified","candidate","source/GameInterface/Services/Inventory;source/GameInterface/Services/ItemRosters;source/GameInterface/Services/Equipments",""
"inventory.003","inventory","Equip mount","Client inventory / equipment screen","horse; camel; incompatible harness; no mount","mounted state uses the selected valid equipment combination","unverified","candidate","source/GameInterface/Services/Inventory;source/GameInterface/Services/ItemRosters;source/GameInterface/Services/Equipments",""
"inventory.004","inventory","Equip civilian clothing","Client inventory / equipment screen","town scene; civilian weapon restrictions","civilian loadout is preserved separately from battle equipment","unverified","candidate","source/GameInterface/Services/Inventory;source/GameInterface/Services/ItemRosters;source/GameInterface/Services/Equipments",""
"inventory.005","inventory","Equip stealth loadout","Client inventory / equipment screen","stealth mission; return to ordinary scene","context uses the correct loadout and restores ordinary equipment afterward","unverified","candidate","source/GameInterface/Services/Inventory;source/GameInterface/Services/ItemRosters;source/GameInterface/Services/Equipments",""
"inventory.006","inventory","Move inventory item","Client inventory / equipment screen","single; stack; modifier variant","item identities and quantities balance across moved stacks","unverified","candidate","source/GameInterface/Services/Inventory;source/GameInterface/Services/ItemRosters;source/GameInterface/Services/Equipments",""
"inventory.007","inventory","Discard item","Client inventory / equipment screen","confirm; cancel; whole stack","discard removes only the confirmed quantity","unverified","candidate","source/GameInterface/Services/Inventory;source/GameInterface/Services/ItemRosters;source/GameInterface/Services/Equipments",""
"inventory.008","inventory","Sort inventory","Client inventory / equipment screen","name; type; value; weight","ordering changes presentation without changing ownership or quantities","unverified","candidate","source/GameInterface/Services/Inventory;source/GameInterface/Services/ItemRosters;source/GameInterface/Services/Equipments",""
"inventory.009","inventory","Inventory capacity","Client inventory / equipment screen","pack animals; heavy load; overburden","weight and movement consequences match roster/equipment state","unverified","candidate","source/GameInterface/Services/Inventory;source/GameInterface/Services/ItemRosters;source/GameInterface/Services/Equipments",""
"inventory.010","inventory","Item modifiers","Client inventory / equipment screen","damaged; fine; crafted; replacement","modifier identity survives transfer and equipment replication","unverified","candidate","source/GameInterface/Services/Inventory;source/GameInterface/Services/ItemRosters;source/GameInterface/Services/Equipments",""
"inventory.011","inventory","Use consumable resources","Client inventory / equipment screen","food; crafting material; ammunition","the production action consumes the correct item quantity","unverified","candidate","source/GameInterface/Services/Inventory;source/GameInterface/Services/ItemRosters;source/GameInterface/Services/Equipments",""
"inventory.012","inventory","Loot inventory","Client inventory / equipment screen","battle loot; raid loot; declined items","accepted items reach the owning player's inventory once","unverified","candidate","source/GameInterface/Services/Inventory;source/GameInterface/Services/ItemRosters;source/GameInterface/Services/Equipments",""
"trade.001","trade","Buy goods","Town/village trade screen / barter conversation","one item; stack; insufficient gold","buyer gold decreases and market/player item counts balance","unverified","candidate","source/GameInterface/Services/Inventory;source/GameInterface/Services/Barters;source/GameInterface/Services/TownMarketDatas;source/GameInterface/Services/VillageMarketDatas",""
"trade.002","trade","Sell goods","Town/village trade screen / barter conversation","one item; stack; merchant funds exhausted","seller gold and market stock change by the completed transaction","unverified","candidate","source/GameInterface/Services/Inventory;source/GameInterface/Services/Barters;source/GameInterface/Services/TownMarketDatas;source/GameInterface/Services/VillageMarketDatas",""
"trade.003","trade","Trade cancellation","Town/village trade screen / barter conversation","before Done; disconnect; leave screen","cancelled selection does not change final authoritative inventories","unverified","candidate","source/GameInterface/Services/Inventory;source/GameInterface/Services/Barters;source/GameInterface/Services/TownMarketDatas;source/GameInterface/Services/VillageMarketDatas",""
"trade.004","trade","Trade price","Town/village trade screen / barter conversation","scarcity; category; modifier; skill influence","quoted and charged price agree for the accepted item selection","unverified","candidate","source/GameInterface/Services/Inventory;source/GameInterface/Services/Barters;source/GameInterface/Services/TownMarketDatas;source/GameInterface/Services/VillageMarketDatas",""
"trade.005","trade","Concurrent market trade","Town/village trade screen / barter conversation","two clients purchase the same stock","stock is conserved and each accepted transaction is applied once","unverified","candidate","source/GameInterface/Services/Inventory;source/GameInterface/Services/Barters;source/GameInterface/Services/TownMarketDatas;source/GameInterface/Services/VillageMarketDatas",""
"trade.006","trade","Trade XP","Town/village trade screen / barter conversation","profitable sale; nonprofitable sale; equipment sale","eligible XP/reward belongs to the player who completed the sale","unverified","candidate","source/GameInterface/Services/Inventory;source/GameInterface/Services/Barters;source/GameInterface/Services/TownMarketDatas;source/GameInterface/Services/VillageMarketDatas",""
"trade.007","trade","Trade rumors","Town/village trade screen / barter conversation","new rumor; changed market; expired rumor","the relevant player's rumor data and UI agree","unverified","candidate","source/GameInterface/Services/Inventory;source/GameInterface/Services/Barters;source/GameInterface/Services/TownMarketDatas;source/GameInterface/Services/VillageMarketDatas",""
"trade.008","trade","Barter gold","Town/village trade screen / barter conversation","one-sided; two-sided; cancel","accepted gold transfer balances both participating heroes","unverified","candidate","source/GameInterface/Services/Inventory;source/GameInterface/Services/Barters;source/GameInterface/Services/TownMarketDatas;source/GameInterface/Services/VillageMarketDatas",""
"trade.009","trade","Barter items","Town/village trade screen / barter conversation","stacks; modifiers; insufficient quantity","accepted item transfer conserves identities and counts","unverified","candidate","source/GameInterface/Services/Inventory;source/GameInterface/Services/Barters;source/GameInterface/Services/TownMarketDatas;source/GameInterface/Services/VillageMarketDatas",""
"trade.010","trade","Barter prisoners","Town/village trade screen / barter conversation","hero; ordinary prisoner; unavailable captive","only accepted transferable captives change owner","unverified","candidate","source/GameInterface/Services/Inventory;source/GameInterface/Services/Barters;source/GameInterface/Services/TownMarketDatas;source/GameInterface/Services/VillageMarketDatas",""
"trade.011","trade","Barter fief","Town/village trade screen / barter conversation","eligible; restricted; cancel","accepted ownership change triggers the required settlement/clan effects","unverified","candidate","source/GameInterface/Services/Inventory;source/GameInterface/Services/Barters;source/GameInterface/Services/TownMarketDatas;source/GameInterface/Services/VillageMarketDatas",""
"trade.012","trade","Barter agreement","Town/village trade screen / barter conversation","peace; marriage; join faction","agreement side effects occur only after accepted terms","unverified","candidate","source/GameInterface/Services/Inventory;source/GameInterface/Services/Barters;source/GameInterface/Services/TownMarketDatas;source/GameInterface/Services/VillageMarketDatas",""
"workshops.001","workshops","Purchase workshop","Town workshop conversation / clan finance","available seller; ownership limit; insufficient gold","payment and workshop owner change occur once","unverified","candidate","source/GameInterface/Services/Workshops;source/GameInterface/Services/Actions",""
"workshops.002","workshops","Sell workshop","Town workshop conversation / clan finance","owned; unowned; ownership changed","sale proceeds reach the intended owner and ownership updates","unverified","candidate","source/GameInterface/Services/Workshops;source/GameInterface/Services/Actions",""
"workshops.003","workshops","Change workshop production","Town workshop conversation / clan finance","valid production type; payment","production type and inventory/cost effects converge","unverified","candidate","source/GameInterface/Services/Workshops;source/GameInterface/Services/Actions",""
"workshops.004","workshops","Workshop production tick","Town workshop conversation / clan finance","inputs available; unavailable; storage","input consumption and output stock follow the authoritative tick","unverified","candidate","source/GameInterface/Services/Workshops;source/GameInterface/Services/Actions",""
"workshops.005","workshops","Workshop income","Town workshop conversation / clan finance","profitable; unprofitable; daily settlement","income belongs to the correct owning hero/clan","unverified","candidate","source/GameInterface/Services/Workshops;source/GameInterface/Services/Actions",""
"workshops.006","workshops","Workshop destruction or confiscation","Town workshop conversation / clan finance","war; settlement capture; lost ownership","ownership and subsequent income stop/change consistently","unverified","candidate","source/GameInterface/Services/Workshops;source/GameInterface/Services/Actions",""
"caravans.001","caravans","Create caravan","Notable conversation / clan parties / campaign map","leader choice; normal/strong escort; fee","one registered caravan is created for the intended owner","unverified","candidate","source/GameInterface/Services/Caravans;source/GameInterface/Services/PartyComponents;source/GameInterface/Services/MobileParties",""
"caravans.002","caravans","Caravan trading","Notable conversation / clan parties / campaign map","visit market; buy; sell","caravan stock, funds and owner income follow the authoritative transaction","unverified","candidate","source/GameInterface/Services/Caravans;source/GameInterface/Services/PartyComponents;source/GameInterface/Services/MobileParties",""
"caravans.003","caravans","Caravan movement","Notable conversation / clan parties / campaign map","destination choice; route; threat response","all peers observe the same caravan identity and relevant position","unverified","candidate","source/GameInterface/Services/Caravans;source/GameInterface/Services/PartyComponents;source/GameInterface/Services/MobileParties",""
"caravans.004","caravans","Caravan capture","Notable conversation / clan parties / campaign map","battle defeat; prisoners; lost inventory","caravan removal and leader captivity converge","unverified","candidate","source/GameInterface/Services/Caravans;source/GameInterface/Services/PartyComponents;source/GameInterface/Services/MobileParties",""
"caravans.005","caravans","Disband caravan","Notable conversation / clan parties / campaign map","owner action; travelling; in settlement","caravan and owner accounting reach the intended final state","unverified","candidate","source/GameInterface/Services/Caravans;source/GameInterface/Services/PartyComponents;source/GameInterface/Services/MobileParties",""
"caravans.006","caravans","Caravan replacement after loss","Notable conversation / clan parties / campaign map","old leader captive; new leader","replacement does not reuse a live party identity","unverified","candidate","source/GameInterface/Services/Caravans;source/GameInterface/Services/PartyComponents;source/GameInterface/Services/MobileParties",""
"crafting.001","crafting","Choose smith","Town smithy / crafting screen","player; companion; unavailable smith","crafting changes and stamina apply to the selected hero","unverified","candidate","source/GameInterface/Services/CraftingService;source/GameInterface/Services/CraftingOrders;source/GameInterface/Services/Smithing;source/GameInterface/Services/WeaponDesigns",""
"crafting.002","crafting","Select weapon template","Town smithy / crafting screen","type; valid pieces; incompatible pieces","selected combination resolves to a valid weapon design","unverified","candidate","source/GameInterface/Services/CraftingService;source/GameInterface/Services/CraftingOrders;source/GameInterface/Services/Smithing;source/GameInterface/Services/WeaponDesigns",""
"crafting.003","crafting","Change weapon pieces","Town smithy / crafting screen","blade; guard; handle; pommel; size","crafted design retains the exact selected compatible parts","unverified","candidate","source/GameInterface/Services/CraftingService;source/GameInterface/Services/CraftingOrders;source/GameInterface/Services/Smithing;source/GameInterface/Services/WeaponDesigns",""
"crafting.004","crafting","Forge weapon","Town smithy / crafting screen","materials available; missing material; insufficient stamina","one weapon is created with correct resource/stamina consumption","unverified","candidate","source/GameInterface/Services/CraftingService;source/GameInterface/Services/CraftingOrders;source/GameInterface/Services/Smithing;source/GameInterface/Services/WeaponDesigns",""
"crafting.005","crafting","Name crafted weapon","Town smithy / crafting screen","default name; custom name; localized text","name and crafted item identity survive replication/reload","unverified","candidate","source/GameInterface/Services/CraftingService;source/GameInterface/Services/CraftingOrders;source/GameInterface/Services/Smithing;source/GameInterface/Services/WeaponDesigns",""
"crafting.006","crafting","Refine material","Town smithy / crafting screen","valid conversion; missing input; perk variant","resource quantities balance according to the selected conversion","unverified","candidate","source/GameInterface/Services/CraftingService;source/GameInterface/Services/CraftingOrders;source/GameInterface/Services/Smithing;source/GameInterface/Services/WeaponDesigns",""
"crafting.007","crafting","Smelt weapon","Town smithy / crafting screen","ordinary; crafted; modifier; no stamina","weapon is consumed and recovered materials match the action","unverified","candidate","source/GameInterface/Services/CraftingService;source/GameInterface/Services/CraftingOrders;source/GameInterface/Services/Smithing;source/GameInterface/Services/WeaponDesigns",""
"crafting.008","crafting","Unlock crafting piece","Town smithy / crafting screen","new unlock; already unlocked","unlock state belongs to the correct development context","unverified","candidate","source/GameInterface/Services/CraftingService;source/GameInterface/Services/CraftingOrders;source/GameInterface/Services/Smithing;source/GameInterface/Services/WeaponDesigns",""
"crafting.009","crafting","Complete crafting order","Town smithy / crafting screen","requirements met; missed quality; deadline","reward and order state reflect the completed crafted weapon","unverified","candidate","source/GameInterface/Services/CraftingService;source/GameInterface/Services/CraftingOrders;source/GameInterface/Services/Smithing;source/GameInterface/Services/WeaponDesigns",""
"crafting.010","crafting","Crafting stamina recovery","Town smithy / crafting screen","rest; campaign travel; hero switched","recovery follows time and the selected hero's record","unverified","candidate","source/GameInterface/Services/CraftingService;source/GameInterface/Services/CraftingOrders;source/GameInterface/Services/Smithing;source/GameInterface/Services/WeaponDesigns",""
"crafting.011","crafting","Crafted item registration","Town smithy / crafting screen","new item; repeat same design; reload","all peers resolve the same crafted item and design identities","unverified","candidate","source/GameInterface/Services/CraftingService;source/GameInterface/Services/CraftingOrders;source/GameInterface/Services/Smithing;source/GameInterface/Services/WeaponDesigns",""
"towns.001","towns","Enter town","Town/castle menu / settlement management","friendly; neutral; hostile; siege","menu and encounter state reflect the actual settlement access","unverified","candidate","source/GameInterface/Services/Towns;source/GameInterface/Services/Settlements;source/GameInterface/Services/Fiefs",""
"towns.002","towns","Enter castle","Town/castle menu / settlement management","friendly; permission denied; hostile","correct castle access and interior options are shown","unverified","candidate","source/GameInterface/Services/Towns;source/GameInterface/Services/Settlements;source/GameInterface/Services/Fiefs",""
"towns.003","towns","Wait in settlement","Town/castle menu / settlement management","start; stop; interrupted by siege","time and party/settlement state agree when waiting ends","unverified","candidate","source/GameInterface/Services/Towns;source/GameInterface/Services/Settlements;source/GameInterface/Services/Fiefs",""
"towns.004","towns","Inspect settlement ownership","Town/castle menu / settlement management","town; castle; capture","owner clan/kingdom and map presentation agree","unverified","candidate","source/GameInterface/Services/Towns;source/GameInterface/Services/Settlements;source/GameInterface/Services/Fiefs",""
"towns.005","towns","Change governor","Town/castle menu / settlement management","assign; replace; remove; hero unavailable","old/new governor assignments and settlement effects converge","unverified","candidate","source/GameInterface/Services/Towns;source/GameInterface/Services/Settlements;source/GameInterface/Services/Fiefs",""
"towns.006","towns","Manage garrison roster","Town/castle menu / settlement management","deposit; withdraw; upgrade","party and garrison troop counts balance","unverified","candidate","source/GameInterface/Services/Towns;source/GameInterface/Services/Settlements;source/GameInterface/Services/Fiefs",""
"towns.007","towns","Garrison component backlink","Town/castle menu / settlement management","initialize; finalize; repeated lifecycle","settlement references the correct registered active garrison component","unverified","source-inspected","source/GameInterface/Services/Towns;source/GameInterface/Services/Settlements;source/GameInterface/Services/Fiefs","recipes/garrison.md"
"towns.008","towns","Automatic garrison recruitment","Town/castle menu / settlement management","enabled; disabled; wage limit","recruits appear only under the permitted authoritative policy","unverified","candidate","source/GameInterface/Services/Towns;source/GameInterface/Services/Settlements;source/GameInterface/Services/Fiefs",""
"towns.009","towns","Inspect militia","Town/castle menu / settlement management","growth; veteran ratio; casualties","militia roster/state agree across peers","unverified","candidate","source/GameInterface/Services/Towns;source/GameInterface/Services/Settlements;source/GameInterface/Services/Fiefs",""
"towns.010","towns","Town prosperity","Town/castle menu / settlement management","daily growth; loss; starvation","prosperity and related economy state change once per tick","unverified","candidate","source/GameInterface/Services/Towns;source/GameInterface/Services/Settlements;source/GameInterface/Services/Fiefs",""
"towns.011","towns","Town loyalty","Town/castle menu / settlement management","governor; culture; policies; starvation","loyalty and rebellion conditions use the authoritative settlement state","unverified","candidate","source/GameInterface/Services/Towns;source/GameInterface/Services/Settlements;source/GameInterface/Services/Fiefs",""
"towns.012","towns","Town security","Town/castle menu / settlement management","garrison; bandits; policies; low security","security and dependent state converge","unverified","candidate","source/GameInterface/Services/Towns;source/GameInterface/Services/Settlements;source/GameInterface/Services/Fiefs",""
"towns.013","towns","Town food stock","Town/castle menu / settlement management","production; consumption; siege; starvation","stock, food change and starvation casualties agree","unverified","candidate","source/GameInterface/Services/Towns;source/GameInterface/Services/Settlements;source/GameInterface/Services/Fiefs",""
"towns.014","towns","Town rebellion","Town/castle menu / settlement management","eligibility; outbreak; new clan; ownership","new rebel objects are registered and state changes reach both clients","unverified","candidate","source/GameInterface/Services/Towns;source/GameInterface/Services/Settlements;source/GameInterface/Services/Fiefs",""
"towns.015","towns","Town market tax","Town/castle menu / settlement management","trade; daily accumulation; owner payout","trade tax and payout occur for the correct owner","unverified","candidate","source/GameInterface/Services/Towns;source/GameInterface/Services/Settlements;source/GameInterface/Services/Fiefs",""
"towns.016","towns","Settlement capture","Town/castle menu / settlement management","battle; simulation; kingdom allocation","new ownership and garrison/dungeon side effects agree","unverified","candidate","source/GameInterface/Services/Towns;source/GameInterface/Services/Settlements;source/GameInterface/Services/Fiefs",""
"towns.017","towns","Settlement devastation","Town/castle menu / settlement management","pillage; mercy; devastation choice","accepted aftermath choice yields the intended state and relation changes","unverified","candidate","source/GameInterface/Services/Towns;source/GameInterface/Services/Settlements;source/GameInterface/Services/Fiefs",""
"villages.001","villages","Enter village","Village menu / campaign map","normal; raided; hostile; own village","menu reflects authoritative village state and access","unverified","candidate","source/GameInterface/Services/Villages;source/GameInterface/Services/VillageMarketDatas;source/GameInterface/Services/Actions",""
"villages.002","villages","Recruit volunteers","Village menu / campaign map","available slots; relation restriction; forced recruitment","volunteer stock and owning player roster balance","unverified","candidate","source/GameInterface/Services/Villages;source/GameInterface/Services/VillageMarketDatas;source/GameInterface/Services/Actions",""
"villages.003","villages","Village trade","Village menu / campaign map","buy; sell; food; ordinary goods","market stock and player resources balance","unverified","candidate","source/GameInterface/Services/Villages;source/GameInterface/Services/VillageMarketDatas;source/GameInterface/Services/Actions",""
"villages.004","villages","Raid village","Village menu / campaign map","start; progress; interruption; completion","raid state and loot advance under authoritative campaign ticks","unverified","candidate","source/GameInterface/Services/Villages;source/GameInterface/Services/VillageMarketDatas;source/GameInterface/Services/Actions",""
"villages.005","villages","Force recruits","Village menu / campaign map","accepted hostile action; combat; cancellation","recruits and relation/crime effects occur only for the completed action","unverified","candidate","source/GameInterface/Services/Villages;source/GameInterface/Services/VillageMarketDatas;source/GameInterface/Services/Actions",""
"villages.006","villages","Take supplies","Village menu / campaign map","accepted hostile action; combat; cancellation","received goods and village consequences converge","unverified","candidate","source/GameInterface/Services/Villages;source/GameInterface/Services/VillageMarketDatas;source/GameInterface/Services/Actions",""
"villages.007","villages","Village production","Village menu / campaign map","production type; daily stock; bound town","produced goods and shipment state agree","unverified","candidate","source/GameInterface/Services/Villages;source/GameInterface/Services/VillageMarketDatas;source/GameInterface/Services/Actions",""
"villages.008","villages","Village hearths","Village menu / campaign map","growth; raid damage; healing","hearth count and dependent production agree","unverified","candidate","source/GameInterface/Services/Villages;source/GameInterface/Services/VillageMarketDatas;source/GameInterface/Services/Actions",""
"villages.009","villages","Village recovery","Village menu / campaign map","raided; recovering; normal","state and restored access follow authoritative healing ticks","unverified","candidate","source/GameInterface/Services/Villages;source/GameInterface/Services/VillageMarketDatas;source/GameInterface/Services/Actions",""
"villages.010","villages","Village militia","Village menu / campaign map","spawn; battle loss; daily growth","militia identity and roster converge","unverified","candidate","source/GameInterface/Services/Villages;source/GameInterface/Services/VillageMarketDatas;source/GameInterface/Services/Actions",""
"villages.011","villages","Villager party departure","Village menu / campaign map","goods ready; town route; party creation","one registered villager party carries the intended goods","unverified","candidate","source/GameInterface/Services/Villages;source/GameInterface/Services/VillageMarketDatas;source/GameInterface/Services/Actions",""
"villages.012","villages","Villager party return","Village menu / campaign map","successful sale; intercepted; target changed","village stock and party lifecycle reach the intended state","unverified","candidate","source/GameInterface/Services/Villages;source/GameInterface/Services/VillageMarketDatas;source/GameInterface/Services/Actions",""
"buildings.001","buildings","Select construction project","Town/castle construction interface","available building; unavailable project","selected queue entry names the intended building","unverified","candidate","source/GameInterface/Services/Buildings;source/GameInterface/Services/Towns",""
"buildings.002","buildings","Change construction queue","Town/castle construction interface","append; reorder; remove","queue order matches the accepted client action","unverified","candidate","source/GameInterface/Services/Buildings;source/GameInterface/Services/Towns",""
"buildings.003","buildings","Change daily default project","Town/castle construction interface","housing; irrigation; militia; festival where available","selected daily project and observed effect match the installed options","unverified","candidate","source/GameInterface/Services/Buildings;source/GameInterface/Services/Towns",""
"buildings.004","buildings","Fund construction","Town/castle construction interface","deposit; withdraw; insufficient gold","reserve and player gold balance","unverified","candidate","source/GameInterface/Services/Buildings;source/GameInterface/Services/Towns",""
"buildings.005","buildings","Construction progress","Town/castle construction interface","daily tick; boosted; paused by low loyalty","progress agrees across peers and completion occurs once","unverified","candidate","source/GameInterface/Services/Buildings;source/GameInterface/Services/Towns",""
"buildings.006","buildings","Building completion","Town/castle construction interface","level upgrade; queue advances","new building level and next active project converge","unverified","candidate","source/GameInterface/Services/Buildings;source/GameInterface/Services/Towns",""
"buildings.007","buildings","Building effects","Town/castle construction interface","food; security; prosperity; militia; siege defenses","measure the selected building's independent expected settlement effect","unverified","candidate","source/GameInterface/Services/Buildings;source/GameInterface/Services/Towns",""
"locations.001","locations","Walk town center","Town/castle/village scene / conversation","spawn; move; interact; leave","client enters the intended town scene with correct actors","unverified","candidate","source/GameInterface/Services/Locations;source/GameInterface/Services/Characters;source/GameInterface/Services/Missions",""
"locations.002","locations","Enter lord's hall","Town/castle/village scene / conversation","permission; bribe; disguise; denied","scene access and authoritative consequences match accepted action","unverified","candidate","source/GameInterface/Services/Locations;source/GameInterface/Services/Characters;source/GameInterface/Services/Missions",""
"locations.003","locations","Enter tavern","Town/castle/village scene / conversation","town menu; scene transition; configured fixed NPC; return","correct configured tavern NPCs and player identities appear","unverified","candidate","source/GameInterface/Services/Locations;source/GameInterface/Services/Characters;source/GameInterface/Services/Missions;source/GameInterface/Services/Companions;deploy/ModuleData/coop_fixed_town_npcs.xml",""
"locations.004","locations","Enter prison","Town/castle/village scene / conversation","permission; ransom; prison break context","correct prisoner characters are presented in the intended prison","unverified","candidate","source/GameInterface/Services/Locations;source/GameInterface/Services/Characters;source/GameInterface/Services/Missions",""
"locations.005","locations","Walk village","Town/castle/village scene / conversation","normal village; hostility; scene return","village scene and campaign return agree","unverified","candidate","source/GameInterface/Services/Locations;source/GameInterface/Services/Characters;source/GameInterface/Services/Missions",""
"locations.006","locations","Talk to notable","Town/castle/village scene / conversation","issue giver; recruitment; caravan","conversation uses the selected registered hero","unverified","candidate","source/GameInterface/Services/Locations;source/GameInterface/Services/Characters;source/GameInterface/Services/Missions",""
"locations.007","locations","Talk to companion","Town/castle/village scene / conversation","hire; dismiss; party assignment","dialogue outcome affects only the intended player relationship","unverified","candidate","source/GameInterface/Services/Locations;source/GameInterface/Services/Characters;source/GameInterface/Services/Missions",""
"locations.008","locations","Location character creation","Town/castle/village scene / conversation","new character; visitor; late entrant","the same registered character appears once in the location","unverified","candidate","source/GameInterface/Services/Locations;source/GameInterface/Services/Characters;source/GameInterface/Services/Missions",""
"locations.009","locations","Location character removal","Town/castle/village scene / conversation","leave; death; party departed","removed actor does not remain as a divergent scene copy","unverified","candidate","source/GameInterface/Services/Locations;source/GameInterface/Services/Characters;source/GameInterface/Services/Missions",""
"locations.010","locations","Special location items","Town/castle/village scene / conversation","add; remove; duplicate; reload","location's item set agrees across peers without duplicates","unverified","candidate","source/GameInterface/Services/Locations;source/GameInterface/Services/Characters;source/GameInterface/Services/Missions",""
"locations.011","locations","Scene transition","Town/castle/village scene / conversation","tavern to center; prison to center; campaign map","owned mission exits and next scene retains the intended campaign context","unverified","candidate","source/GameInterface/Services/Locations;source/GameInterface/Services/Characters;source/GameInterface/Services/Missions",""
"locations.012","locations","Barber appearance change","Town/castle/village scene / conversation","available actor; payment; cancel","accepted appearance changes reach both clients","unverified","candidate","source/GameInterface/Services/Locations;source/GameInterface/Services/Characters;source/GameInterface/Services/Missions",""
"locations.013","locations","Board game interaction","Town/castle/village scene / conversation","start; move; win/loss; leave","game state and reward agree where the current co-op path exists","unverified","candidate","source/GameInterface/Services/Locations;source/GameInterface/Services/Characters;source/GameInterface/Services/Missions",""
"alleys.001","alleys","Challenge alley gang","Town common area / alley interaction","enter area; provoke; combat","alley encounter participants and consequences match the selected area","unverified","candidate","source/GameInterface/Services/Alleys;source/GameInterface/Services/Crime",""
"alleys.002","alleys","Take over alley","Town common area / alley interaction","win fight; cancel; companion assignment","ownership and installed player-alley data agree","unverified","candidate","source/GameInterface/Services/Alleys;source/GameInterface/Services/Crime",""
"alleys.003","alleys","Assign alley leader","Town common area / alley interaction","eligible companion; replacement; invalid hero","assigned leader is the accepted eligible hero","unverified","candidate","source/GameInterface/Services/Alleys;source/GameInterface/Services/Crime",""
"alleys.004","alleys","Transfer alley troops","Town common area / alley interaction","deposit; withdraw; capacity","party and alley troop rosters balance","unverified","candidate","source/GameInterface/Services/Alleys;source/GameInterface/Services/Crime",""
"alleys.005","alleys","Alley income","Town common area / alley interaction","daily tick; criminal rating; owner","income reaches the intended player and area state","unverified","candidate","source/GameInterface/Services/Alleys;source/GameInterface/Services/Crime",""
"alleys.006","alleys","Lose alley","Town common area / alley interaction","rival takeover; abandonment; owner unavailable","ownership, troops and leader assignment reach the intended state","unverified","candidate","source/GameInterface/Services/Alleys;source/GameInterface/Services/Crime",""
"prisoners.001","prisoners","Capture hero","Party/dungeon screen / captivity / prison break","battle; surrender; authoritative action","hero prisoner state and captor roster agree","unverified","candidate","source/GameInterface/Services/PlayerCaptivityService;source/GameInterface/Services/Heroes;source/GameInterface/Services/Actions;source/GameInterface/Services/Party",""
"prisoners.002","prisoners","Release hero prisoner","Party/dungeon screen / captivity / prison break","free; barter; ransom; peace","prisoner leaves the captor once and state/location update","unverified","candidate","source/GameInterface/Services/PlayerCaptivityService;source/GameInterface/Services/Heroes;source/GameInterface/Services/Actions;source/GameInterface/Services/Party",""
"prisoners.003","prisoners","Offer ransom","Party/dungeon screen / captivity / prison break","new offer; accepted; rejected; expired","gold and release occur only for accepted valid terms","unverified","candidate","source/GameInterface/Services/PlayerCaptivityService;source/GameInterface/Services/Heroes;source/GameInterface/Services/Actions;source/GameInterface/Services/Party",""
"prisoners.004","prisoners","Hero escapes captivity","Party/dungeon screen / captivity / prison break","party prisoner; settlement prisoner; AI tick","released hero and subsequent party/location state converge","unverified","candidate","source/GameInterface/Services/PlayerCaptivityService;source/GameInterface/Services/Heroes;source/GameInterface/Services/Actions;source/GameInterface/Services/Party",""
"prisoners.005","prisoners","Player captured","Party/dungeon screen / captivity / prison break","battle defeat; surrender","the intended player enters captivity without losing ownership mapping","unverified","candidate","source/GameInterface/Services/PlayerCaptivityService;source/GameInterface/Services/Heroes;source/GameInterface/Services/Actions;source/GameInterface/Services/Party",""
"prisoners.006","prisoners","Player captivity progress","Party/dungeon screen / captivity / prison break","wait; transfer captor; escape opportunity","captivity UI and authoritative state remain consistent","unverified","candidate","source/GameInterface/Services/PlayerCaptivityService;source/GameInterface/Services/Heroes;source/GameInterface/Services/Actions;source/GameInterface/Services/Party",""
"prisoners.007","prisoners","Player released from captivity","Party/dungeon screen / captivity / prison break","ransom; escape; captor defeated","controlled party recovery produces one registered valid party","unverified","candidate","source/GameInterface/Services/PlayerCaptivityService;source/GameInterface/Services/Heroes;source/GameInterface/Services/Actions;source/GameInterface/Services/Party",""
"prisoners.008","prisoners","Prison break","Party/dungeon screen / captivity / prison break","start; guards; rescue; success; failure","prisoners and mission/campaign consequences reflect the real outcome","unverified","candidate","source/GameInterface/Services/PlayerCaptivityService;source/GameInterface/Services/Heroes;source/GameInterface/Services/Actions;source/GameInterface/Services/Party",""
"prisoners.009","prisoners","Prisoner conformity","Party/dungeon screen / captivity / prison break","daily tick; troop type; recruit eligibility","conformity and recruitable count agree","unverified","candidate","source/GameInterface/Services/PlayerCaptivityService;source/GameInterface/Services/Heroes;source/GameInterface/Services/Actions;source/GameInterface/Services/Party",""
"prisoners.010","prisoners","Prisoner limit","Party/dungeon screen / captivity / prison break","within cap; exceeded; escape","UI and resulting prisoner losses follow the current model","unverified","candidate","source/GameInterface/Services/PlayerCaptivityService;source/GameInterface/Services/Heroes;source/GameInterface/Services/Actions;source/GameInterface/Services/Party",""
"clans.001","clans","Create clan","Clan screen / lord conversation","new player; initial name/banner","one clan is linked to the intended player hero","unverified","candidate","source/GameInterface/Services/Clans;source/GameInterface/Services/Companions;source/GameInterface/Services/Fiefs",""
"clans.002","clans","Inspect clan roster","Clan screen / lord conversation","family; companions; leaders; parties","UI represents authoritative membership and assignments","unverified","candidate","source/GameInterface/Services/Clans;source/GameInterface/Services/Companions;source/GameInterface/Services/Fiefs",""
"clans.003","clans","Clan tier increase","Clan screen / lord conversation","renown threshold; multiple players","tier and unlocked limits belong to the correct clan","unverified","candidate","source/GameInterface/Services/Clans;source/GameInterface/Services/Companions;source/GameInterface/Services/Fiefs",""
"clans.004","clans","Gain renown","Clan screen / lord conversation","battle; tournament; quest","reward reaches the player/clan that earned it","unverified","candidate","source/GameInterface/Services/Clans;source/GameInterface/Services/Companions;source/GameInterface/Services/Fiefs",""
"clans.005","clans","Gain or spend influence","Clan screen / lord conversation","battle; army; vote; proposal","influence changes once for the accepted action","unverified","candidate","source/GameInterface/Services/Clans;source/GameInterface/Services/Companions;source/GameInterface/Services/Fiefs",""
"clans.006","clans","Change clan leader","Clan screen / lord conversation","death; retirement; explicit selection","membership and leader-dependent effects converge","unverified","candidate","source/GameInterface/Services/Clans;source/GameInterface/Services/Companions;source/GameInterface/Services/Fiefs",""
"clans.007","clans","Join kingdom as vassal","Clan screen / lord conversation","oath; invitation; eligible/ineligible","clan kingdom changes only for accepted valid entry","unverified","candidate","source/GameInterface/Services/Clans;source/GameInterface/Services/Companions;source/GameInterface/Services/Fiefs",""
"clans.008","clans","Sign mercenary contract","Clan screen / lord conversation","join; renew; leave","contract state and payment match the correct clan","unverified","candidate","source/GameInterface/Services/Clans;source/GameInterface/Services/Companions;source/GameInterface/Services/Fiefs",""
"clans.009","clans","Leave kingdom","Clan screen / lord conversation","keep fiefs; relinquish; confirmation cancelled","clan/fief/diplomatic consequences reflect the accepted choice","unverified","candidate","source/GameInterface/Services/Clans;source/GameInterface/Services/Companions;source/GameInterface/Services/Fiefs",""
"clans.010","clans","Clan finances","Clan screen / lord conversation","party wages; workshop; caravan; tribute","daily accounting belongs to the correct clan and is applied once","unverified","candidate","source/GameInterface/Services/Clans;source/GameInterface/Services/Companions;source/GameInterface/Services/Fiefs",""
"clans.011","clans","Clan destruction","Clan screen / lord conversation","last member; loss conditions","dependent ownership and kingdom membership are updated consistently","unverified","candidate","source/GameInterface/Services/Clans;source/GameInterface/Services/Companions;source/GameInterface/Services/Fiefs",""
"kingdoms.001","kingdoms","Create kingdom","Kingdom screen / diplomacy / decision UI","eligibility; governor conversation; naming","one registered kingdom is created with intended leader and clan","unverified","candidate","source/GameInterface/Services/Kingdoms;source/GameInterface/Services/Alliances;source/GameInterface/Services/StanceLinks;source/Coop.Core/Server/Services/Kingdoms",""
"kingdoms.002","kingdoms","Dissolve kingdom","Kingdom screen / diplomacy / decision UI","valid conditions; remaining clans/fiefs","membership and stance links reach the correct final state","unverified","candidate","source/GameInterface/Services/Kingdoms;source/GameInterface/Services/Alliances;source/GameInterface/Services/StanceLinks;source/Coop.Core/Server/Services/Kingdoms",""
"kingdoms.003","kingdoms","Declare war","Kingdom screen / diplomacy / decision UI","proposal; decision; direct action","all affected factions share the authoritative war stance","unverified","candidate","source/GameInterface/Services/Kingdoms;source/GameInterface/Services/Alliances;source/GameInterface/Services/StanceLinks;source/Coop.Core/Server/Services/Kingdoms",""
"kingdoms.004","kingdoms","Make peace","Kingdom screen / diplomacy / decision UI","proposal; decision; tribute terms","peace state and accepted payments converge","unverified","candidate","source/GameInterface/Services/Kingdoms;source/GameInterface/Services/Alliances;source/GameInterface/Services/StanceLinks;source/Coop.Core/Server/Services/Kingdoms",""
"kingdoms.005","kingdoms","Form alliance","Kingdom screen / diplomacy / decision UI","proposal; accept; reject; existing alliance","agreement state changes once under current eligibility rules","unverified","candidate","source/GameInterface/Services/Kingdoms;source/GameInterface/Services/Alliances;source/GameInterface/Services/StanceLinks;source/Coop.Core/Server/Services/Kingdoms",""
"kingdoms.006","kingdoms","End alliance","Kingdom screen / diplomacy / decision UI","expiry; war; explicit action","stance/agreement state and downstream UI agree","unverified","candidate","source/GameInterface/Services/Kingdoms;source/GameInterface/Services/Alliances;source/GameInterface/Services/StanceLinks;source/Coop.Core/Server/Services/Kingdoms",""
"kingdoms.007","kingdoms","Create trade agreement","Kingdom screen / diplomacy / decision UI","proposal; acceptance; expiration","agreement and economic consequences reach affected factions","unverified","candidate","source/GameInterface/Services/Kingdoms;source/GameInterface/Services/Alliances;source/GameInterface/Services/StanceLinks;source/Coop.Core/Server/Services/Kingdoms",""
"kingdoms.008","kingdoms","Call ally to war","Kingdom screen / diplomacy / decision UI","propose; ally decision; accept/reject","war entry follows only an accepted current call","unverified","candidate","source/GameInterface/Services/Kingdoms;source/GameInterface/Services/Alliances;source/GameInterface/Services/StanceLinks;source/Coop.Core/Server/Services/Kingdoms",""
"kingdoms.009","kingdoms","Pay tribute","Kingdom screen / diplomacy / decision UI","daily tick; changed terms; peace ends","payer and payee accounting reflects the active agreement","unverified","candidate","source/GameInterface/Services/Kingdoms;source/GameInterface/Services/Alliances;source/GameInterface/Services/StanceLinks;source/Coop.Core/Server/Services/Kingdoms",""
"kingdoms.010","kingdoms","Propose kingdom policy","Kingdom screen / diplomacy / decision UI","new; already active; insufficient influence","a valid current decision is registered or rejected with reason","unverified","candidate","source/GameInterface/Services/Kingdoms;source/GameInterface/Services/Alliances;source/GameInterface/Services/StanceLinks;source/Coop.Core/Server/Services/Kingdoms",""
"kingdoms.011","kingdoms","Revoke kingdom policy","Kingdom screen / diplomacy / decision UI","active policy; invalid policy","accepted outcome removes the correct policy","unverified","candidate","source/GameInterface/Services/Kingdoms;source/GameInterface/Services/Alliances;source/GameInterface/Services/StanceLinks;source/Coop.Core/Server/Services/Kingdoms",""
"kingdoms.012","kingdoms","Allocate settlement","Kingdom screen / diplomacy / decision UI","preliminary claimant; final claimant; owner changed","accepted decision assigns the intended eligible clan","unverified","candidate","source/GameInterface/Services/Kingdoms;source/GameInterface/Services/Alliances;source/GameInterface/Services/StanceLinks;source/Coop.Core/Server/Services/Kingdoms",""
"kingdoms.013","kingdoms","Elect ruler","Kingdom screen / diplomacy / decision UI","leader death; candidates; outcome","one eligible leader becomes authoritative","unverified","candidate","source/GameInterface/Services/Kingdoms;source/GameInterface/Services/Alliances;source/GameInterface/Services/StanceLinks;source/Coop.Core/Server/Services/Kingdoms",""
"kingdoms.014","kingdoms","Expel clan","Kingdom screen / diplomacy / decision UI","proposal; influence; voting","accepted expulsion changes clan membership and side effects","unverified","candidate","source/GameInterface/Services/Kingdoms;source/GameInterface/Services/Alliances;source/GameInterface/Services/StanceLinks;source/Coop.Core/Server/Services/Kingdoms",""
"kingdoms.015","kingdoms","Submit decision vote","Kingdom screen / diplomacy / decision UI","support; oppose; abstain; influence strength","vote belongs to the player's clan and current decision round","unverified","candidate","source/GameInterface/Services/Kingdoms;source/GameInterface/Services/Alliances;source/GameInterface/Services/StanceLinks;source/Coop.Core/Server/Services/Kingdoms",""
"kingdoms.016","kingdoms","Update decision vote","Kingdom screen / diplomacy / decision UI","change strength; repeated click; late vote","one current vote replaces the prior vote under round rules","unverified","candidate","source/GameInterface/Services/Kingdoms;source/GameInterface/Services/Alliances;source/GameInterface/Services/StanceLinks;source/Coop.Core/Server/Services/Kingdoms",""
"kingdoms.017","kingdoms","Decision deadline","Kingdom screen / diplomacy / decision UI","before; at; after expiration","round closes once and late requests do not reopen it","unverified","candidate","source/GameInterface/Services/Kingdoms;source/GameInterface/Services/Alliances;source/GameInterface/Services/StanceLinks;source/Coop.Core/Server/Services/Kingdoms",""
"kingdoms.018","kingdoms","Resolve decision","Kingdom screen / diplomacy / decision UI","accepted outcome; rejected outcome; removed decision","outcome is applied once and pending UI clears","unverified","candidate","source/GameInterface/Services/Kingdoms;source/GameInterface/Services/Alliances;source/GameInterface/Services/StanceLinks;source/Coop.Core/Server/Services/Kingdoms",""
"kingdoms.019","kingdoms","Decision presentation","Kingdom screen / diplomacy / decision UI","waiting; can vote; resolved","client UI agrees with the same round/session identity","unverified","candidate","source/GameInterface/Services/Kingdoms;source/GameInterface/Services/Alliances;source/GameInterface/Services/StanceLinks;source/Coop.Core/Server/Services/Kingdoms",""
"kingdoms.020","kingdoms","Concurrent proposals","Kingdom screen / diplomacy / decision UI","same subject; conflicting war/peace; decision removed","only valid current decisions reach an authoritative outcome","unverified","candidate","source/GameInterface/Services/Kingdoms;source/GameInterface/Services/Alliances;source/GameInterface/Services/StanceLinks;source/Coop.Core/Server/Services/Kingdoms",""
"armies.001","armies","Create army","Campaign army UI / map","leader eligible; influence; available parties","one registered army owns the intended leader and invited parties","experimental; gameplay unverified","candidate","source/GameInterface/Services/Armies;source/GameInterface/Services/MobileParties;source/GameInterface/Services/MapEvents;README.md",""
"armies.002","armies","Invite party to army","Campaign army UI / map","eligible; already attached; other player","accepted party joins the intended army once","experimental; gameplay unverified","candidate","source/GameInterface/Services/Armies;source/GameInterface/Services/MobileParties;source/GameInterface/Services/MapEvents;README.md",""
"armies.003","armies","Join army","Campaign army UI / map","client request; automatic AI arrival","party attachment and army membership agree","experimental; gameplay unverified","candidate","source/GameInterface/Services/Armies;source/GameInterface/Services/MobileParties;source/GameInterface/Services/MapEvents;README.md",""
"armies.004","armies","Leave army","Campaign army UI / map","voluntary; battle; disband","party detaches from the intended army and can move independently","experimental; gameplay unverified","candidate","source/GameInterface/Services/Armies;source/GameInterface/Services/MobileParties;source/GameInterface/Services/MapEvents;README.md",""
"armies.005","armies","Army cohesion","Campaign army UI / map","daily decay; spend influence; leader change","cohesion/influence change once on the authoritative side","experimental; gameplay unverified","candidate","source/GameInterface/Services/Armies;source/GameInterface/Services/MobileParties;source/GameInterface/Services/MapEvents;README.md",""
"armies.006","armies","Army supplies","Campaign army UI / map","food sharing; shortages; party loss","food and shortage effects agree for participating parties","experimental; gameplay unverified","candidate","source/GameInterface/Services/Armies;source/GameInterface/Services/MobileParties;source/GameInterface/Services/MapEvents;README.md",""
"armies.007","armies","Army objective","Campaign army UI / map","attack; defend; besiege; patrol","member movement follows the current authoritative army order","experimental; gameplay unverified","candidate","source/GameInterface/Services/Armies;source/GameInterface/Services/MobileParties;source/GameInterface/Services/MapEvents;README.md",""
"armies.008","armies","Army encounter","Campaign army UI / map","field battle; siege defense; relief","all participating parties share the correct map event sides","experimental; gameplay unverified","candidate","source/GameInterface/Services/Armies;source/GameInterface/Services/MobileParties;source/GameInterface/Services/MapEvents;README.md",""
"armies.009","armies","Disband army","Campaign army UI / map","leader action; cohesion loss; leader removed","all members detach without retaining a dead army reference","experimental; gameplay unverified","candidate","source/GameInterface/Services/Armies;source/GameInterface/Services/MobileParties;source/GameInterface/Services/MapEvents;README.md",""
"armies.010","armies","Army leader replacement","Campaign army UI / map","leader removed; eligible survivor","new leader and resulting orders agree","experimental; gameplay unverified","candidate","source/GameInterface/Services/Armies;source/GameInterface/Services/MobileParties;source/GameInterface/Services/MapEvents;README.md",""
"quests.001","quests","Discover issue","Notable/lord conversation / quest journal","eligible giver; normal generation; disabled type","only source-allowlisted issues appear through normal supported admission","unverified","source-inspected","source/GameInterface/Services/Issues;source/GameInterface/Services/Issues/Patches/DisableAllIssueBehaviorsExceptAllowlist.cs;features/baseline/installed.json","recipes/quest-gate.md"
"quests.002","quests","View issue dialogue","Notable/lord conversation / quest journal","issue icon; task entry; alternate task entry","dialogue entry follows the exact allowlist gate","unverified","source-inspected","source/GameInterface/Services/Issues;source/GameInterface/Services/Issues/Patches/DisableAllIssueBehaviorsExceptAllowlist.cs;features/baseline/installed.json","recipes/quest-gate.md"
"quests.003","quests","Accept issue personally","Notable/lord conversation / quest journal","eligible; already active; ownership conflict","accepted quest belongs to the intended player","unverified","source-inspected","source/GameInterface/Services/Issues;source/GameInterface/Services/Issues/Patches/DisableAllIssueBehaviorsExceptAllowlist.cs;features/baseline/installed.json",""
"quests.004","quests","Accept alternative solution","Notable/lord conversation / quest journal","eligible companion; troop selection; cancellation","assigned companion/troops and ownership state agree","unverified","source-inspected","source/GameInterface/Services/Issues;source/GameInterface/Services/Issues/Patches/DisableAllIssueBehaviorsExceptAllowlist.cs;features/baseline/installed.json",""
"quests.005","quests","Advance quest progress","Notable/lord conversation / quest journal","production action; unrelated player action","only relevant owned progress updates the quest","unverified","source-inspected","source/GameInterface/Services/Issues;source/GameInterface/Services/Issues/Patches/DisableAllIssueBehaviorsExceptAllowlist.cs;features/baseline/installed.json",""
"quests.006","quests","Quest time limit","Notable/lord conversation / quest journal","before deadline; expiration; offline owner","expiration and outcome occur once for the correct quest","unverified","source-inspected","source/GameInterface/Services/Issues;source/GameInterface/Services/Issues/Patches/DisableAllIssueBehaviorsExceptAllowlist.cs;features/baseline/installed.json",""
"quests.007","quests","Quest success","Notable/lord conversation / quest journal","valid production completion; partial objective","reward and finalization reach the owning player once","unverified","source-inspected","source/GameInterface/Services/Issues;source/GameInterface/Services/Issues/Patches/DisableAllIssueBehaviorsExceptAllowlist.cs;features/baseline/installed.json",""
"quests.008","quests","Quest failure","Notable/lord conversation / quest journal","objective failure; giver unavailable; rival state","failure consequences and quest removal converge","unverified","source-inspected","source/GameInterface/Services/Issues;source/GameInterface/Services/Issues/Patches/DisableAllIssueBehaviorsExceptAllowlist.cs;features/baseline/installed.json",""
"quests.009","quests","Quest betrayal or cancellation","Notable/lord conversation / quest journal","dialogue choice; invalid terminal request","accepted terminal state is applied once with correct consequences","unverified","source-inspected","source/GameInterface/Services/Issues;source/GameInterface/Services/Issues/Patches/DisableAllIssueBehaviorsExceptAllowlist.cs;features/baseline/installed.json",""
"quests.010","quests","Quest journal","Notable/lord conversation / quest journal","new log; progress; completed log","attempt to enter vanilla quest journal is blocked by the current QuestsState gate; private journal/progress support remains unverified","disabled by QuestsState gate","source-inspected","source/GameInterface/Services/Issues;source/GameInterface/Services/Issues/Patches/DisableAllIssueBehaviorsExceptAllowlist.cs;features/baseline/installed.json;source/GameInterface/Services/UI/Patches/GameUIDisable.cs",""
"quests.011","quests","Alternative solution return","Notable/lord conversation / quest journal","duration; troop loss; companion recovery","returned roster, companion and rewards reach the owner","unverified","source-inspected","source/GameInterface/Services/Issues;source/GameInterface/Services/Issues/Patches/DisableAllIssueBehaviorsExceptAllowlist.cs;features/baseline/installed.json",""
"quests.012","quests","Quest persistence","Notable/lord conversation / quest journal","save/reload; reconnect; alternative in progress","ownership and progress resume without replayed rewards","unverified","source-inspected","source/GameInterface/Services/Issues;source/GameInterface/Services/Issues/Patches/DisableAllIssueBehaviorsExceptAllowlist.cs;features/baseline/installed.json",""
"quests.013","quests","Debug issue grant catalog","Notable/lord conversation / quest journal","listed; wired; unwired; normal gate disabled","debug grant availability is reported separately from normal quest support","unverified","source-inspected","source/GameInterface/Services/Issues;source/GameInterface/Services/Issues/Patches/DisableAllIssueBehaviorsExceptAllowlist.cs;features/baseline/installed.json","recipes/quest-gate.md"
"tournaments.001","tournaments","Generate tournament","Town arena / co-op tournament lobby","town availability; existing tournament","one town tournament becomes available without duplicate creation","unverified","source-inspected","source/GameInterface/Services/Tournaments;source/Missions;source/E2E.Tests","recipes/tournament.md"
"tournaments.002","tournaments","Join tournament lobby","Town arena / co-op tournament lobby","first client; second client; repeated join","both clients reference one server session with distinct participants","unverified","source-inspected","source/GameInterface/Services/Tournaments;source/Missions;source/E2E.Tests","recipes/tournament.md"
"tournaments.003","tournaments","Start tournament","Town arena / co-op tournament lobby","controller; noncontroller; lobby not ready","only a valid current start advances the session once","unverified","source-inspected","source/GameInterface/Services/Tournaments;source/Missions;source/E2E.Tests","recipes/tournament.md"
"tournaments.004","tournaments","Choose participate","Town arena / co-op tournament lobby","current match; stale match; repeated choice","current participant choice is accepted once","unverified","source-inspected","source/GameInterface/Services/Tournaments;source/Missions;source/E2E.Tests","recipes/tournament.md"
"tournaments.005","tournaments","Choose spectate","Town arena / co-op tournament lobby","eligible observer; match underway","client enters the observer path for the current match","unverified","source-inspected","source/GameInterface/Services/Tournaments;source/Missions;source/E2E.Tests","recipes/tournament.md"
"tournaments.006","tournaments","Tournament betting","Town arena / co-op tournament lobby","valid amount; insufficient funds; repeated bet","accepted bet consumes funds once and uses the current round","unverified","source-inspected","source/GameInterface/Services/Tournaments;source/Missions;source/E2E.Tests",""
"tournaments.007","tournaments","Tournament match combat","Town arena / co-op tournament lobby","team identity; mount; casualties; victory","both clients observe the same round participants and outcome","unverified","source-inspected","source/GameInterface/Services/Tournaments;source/Missions;source/E2E.Tests",""
"tournaments.008","tournaments","Tournament progression","Town arena / co-op tournament lobby","round win; loss; final round","bracket and phase advance once from the authoritative outcome","unverified","source-inspected","source/GameInterface/Services/Tournaments;source/Missions;source/E2E.Tests",""
"tournaments.009","tournaments","Tournament reward","Town arena / co-op tournament lobby","prize item; gold; renown; winner identity","reward reaches the actual winning player's party/clan","unverified","source-inspected","source/GameInterface/Services/Tournaments;source/Missions;source/E2E.Tests",""
"tournaments.010","tournaments","Leave tournament","Town arena / co-op tournament lobby","preparation; match; completed; disconnect","session membership and remaining client state remain consistent","unverified","source-inspected","source/GameInterface/Services/Tournaments;source/Missions;source/E2E.Tests","recipes/tournament.md"
"tournaments.011","tournaments","Tournament spectator disconnect","Town arena / co-op tournament lobby","pacer/observer departure; remaining players","remaining players do not become stranded in a completed/stale mission","unverified","source-inspected","source/GameInterface/Services/Tournaments;source/Missions;source/E2E.Tests",""
"tournaments.012","tournaments","Tournament fixture restoration","Town arena / co-op tournament lobby","normal completion; abort; failed setup","owned fixture restores its captured baseline only after the session ends","unverified","source-inspected","source/GameInterface/Services/Tournaments;source/Missions;source/E2E.Tests","recipes/tournament.md"
"battles.001","battles","Attack enemy party","Campaign encounter / rendered battle mission","first encounter; two clients; AI ally","correct registered parties enter the same authoritative map event","unverified","candidate","source/GameInterface/Services/MapEvents;source/Missions/Battles;source/GameInterface/Services/Missions",""
"battles.002","battles","Join allied battle","Campaign encounter / rendered battle mission","attacker; defender; reinforcement; late entry","joining party and player appear on the intended battle side","unverified","candidate","source/GameInterface/Services/MapEvents;source/Missions/Battles;source/GameInterface/Services/Missions",""
"battles.003","battles","Simulate battle","Campaign encounter / rendered battle mission","attack; defense; participating player parties","resulting losses/prisoners/rewards agree without rendered combat","unverified","candidate","source/GameInterface/Services/MapEvents;source/Missions/Battles;source/GameInterface/Services/Missions",""
"battles.004","battles","Battle preparation","Campaign encounter / rendered battle mission","deployment; equipment; side assignment","player and troops spawn on the correct battle team","unverified","candidate","source/GameInterface/Services/MapEvents;source/Missions/Battles;source/GameInterface/Services/Missions",""
"battles.005","battles","Spawn troops","Campaign encounter / rendered battle mission","initial wave; reinforcements; wounded excluded","spawned/reserve counts conserve the authoritative roster","unverified","candidate","source/GameInterface/Services/MapEvents;source/Missions/Battles;source/GameInterface/Services/Missions",""
"battles.006","battles","Spawn player hero","Campaign encounter / rendered battle mission","owner; remote peer; reconnect","one active agent represents each participating player hero","unverified","candidate","source/GameInterface/Services/MapEvents;source/Missions/Battles;source/GameInterface/Services/Missions",""
"battles.007","battles","Agent movement","Campaign encounter / rendered battle mission","walk; run; jump; crouch; rotate","remote agent position/animation follows the owned agent","unverified","candidate","source/GameInterface/Services/MapEvents;source/Missions/Battles;source/GameInterface/Services/Missions",""
"battles.008","battles","Weapon attack","Campaign encounter / rendered battle mission","swing directions; thrust; weapon mode","remote clients observe the same accepted attack and resulting hit","unverified","candidate","source/GameInterface/Services/MapEvents;source/Missions/Battles;source/GameInterface/Services/Missions",""
"battles.009","battles","Block attack","Campaign encounter / rendered battle mission","directional weapon block; shield block","block/damage outcome agrees across the battle","unverified","candidate","source/GameInterface/Services/MapEvents;source/Missions/Battles;source/GameInterface/Services/Missions",""
"battles.010","battles","Kick or shield bash","Campaign encounter / rendered battle mission","hit; miss; interrupted","impulse/stun and damage outcomes converge","unverified","candidate","source/GameInterface/Services/MapEvents;source/Missions/Battles;source/GameInterface/Services/Missions",""
"battles.011","battles","Ranged attack","Campaign encounter / rendered battle mission","bow; crossbow; throwing; projectile miss/hit","projectile and resulting damage are applied once","unverified","candidate","source/GameInterface/Services/MapEvents;source/Missions/Battles;source/GameInterface/Services/Missions",""
"battles.012","battles","Switch equipment","Campaign encounter / rendered battle mission","weapon slot; pickup; drop; depleted ammunition","equipment identity and ammo state agree","unverified","candidate","source/GameInterface/Services/MapEvents;source/Missions/Battles;source/GameInterface/Services/Missions",""
"battles.013","battles","Mount or dismount","Campaign encounter / rendered battle mission","owned mount; shared mount; dead mount","rider/mount ownership and attachment match on both clients","unverified","candidate","source/GameInterface/Services/MapEvents;source/Missions/Battles;source/GameInterface/Services/Missions",""
"battles.014","battles","Horse damage","Campaign encounter / rendered battle mission","charge; projectile; death; rider fall","health and mounted state converge with authoritative casualty reporting","unverified","candidate","source/GameInterface/Services/MapEvents;source/Missions/Battles;source/GameInterface/Services/Missions",""
"battles.015","battles","Troop health","Campaign encounter / rendered battle mission","damage; wound; kill; collection during battle","each health update belongs to the correct troop/reserve entry","unverified","candidate","source/GameInterface/Services/MapEvents;source/Missions/Battles;source/GameInterface/Services/Missions",""
"battles.016","battles","Player health","Campaign encounter / rendered battle mission","damage; incapacitation; healing if permitted","owning and observing clients agree on health/outcome","unverified","candidate","source/GameInterface/Services/MapEvents;source/Missions/Battles;source/GameInterface/Services/Missions",""
"battles.017","battles","Formation captain","Campaign encounter / rendered battle mission","player; AI hero; leader lost","formation authority and bonuses follow the eligible captain","unverified","candidate","source/GameInterface/Services/MapEvents;source/Missions/Battles;source/GameInterface/Services/Missions",""
"battles.018","battles","Formation selection","Campaign encounter / rendered battle mission","infantry; ranged; cavalry; multiple groups","only selected owned formations receive the order","unverified","candidate","source/GameInterface/Services/MapEvents;source/Missions/Battles;source/GameInterface/Services/Missions",""
"battles.019","battles","Formation movement order","Campaign encounter / rendered battle mission","move; follow; charge; advance; retreat; hold","troops follow the current valid order on the correct team","unverified","candidate","source/GameInterface/Services/MapEvents;source/Missions/Battles;source/GameInterface/Services/Missions",""
"battles.020","battles","Formation arrangement","Campaign encounter / rendered battle mission","line; shield wall; loose; square; circle; column","actual eligible formation arrangement matches the selected order","unverified","candidate","source/GameInterface/Services/MapEvents;source/Missions/Battles;source/GameInterface/Services/Missions",""
"battles.021","battles","Formation firing order","Campaign encounter / rendered battle mission","hold fire; fire at will","ranged troops obey the accepted order","unverified","candidate","source/GameInterface/Services/MapEvents;source/Missions/Battles;source/GameInterface/Services/Missions",""
"battles.022","battles","Formation mount order","Campaign encounter / rendered battle mission","mount; dismount; unavailable mounts","eligible troops change mounted state consistently","unverified","candidate","source/GameInterface/Services/MapEvents;source/Missions/Battles;source/GameInterface/Services/Missions",""
"battles.023","battles","Reinforcement wave","Campaign encounter / rendered battle mission","initial supply exhausted; reserve remains","new agents consume the correct reserve entries once","unverified","candidate","source/GameInterface/Services/MapEvents;source/Missions/Battles;source/GameInterface/Services/Missions",""
"battles.024","battles","Battle retreat","Campaign encounter / rendered battle mission","player retreat; troop rout; wounded survivor","casualty accounting and returned rosters conserve troop counts","unverified","candidate","source/GameInterface/Services/MapEvents;source/Missions/Battles;source/GameInterface/Services/Missions",""
"battles.025","battles","Battle authority handoff","Campaign encounter / rendered battle mission","pacer leaves; reconnect; pending spawn","remaining peers retain one current authority and valid battle state","unverified","candidate","source/GameInterface/Services/MapEvents;source/Missions/Battles;source/GameInterface/Services/Missions",""
"battles.026","battles","Battle completion","Campaign encounter / rendered battle mission","victory; defeat; draw; all participants removed","map event finalizes once with consistent surviving rosters","unverified","candidate","source/GameInterface/Services/MapEvents;source/Missions/Battles;source/GameInterface/Services/Missions",""
"battles.027","battles","Battle loot","Campaign encounter / rendered battle mission","winner; participant contribution; abandoned loot","accepted loot reaches intended player inventories","unverified","candidate","source/GameInterface/Services/MapEvents;source/Missions/Battles;source/GameInterface/Services/Missions",""
"battles.028","battles","Battle prisoners","Campaign encounter / rendered battle mission","hero capture; troop capture; escaped hero","prisoner identities and rosters agree","unverified","candidate","source/GameInterface/Services/MapEvents;source/Missions/Battles;source/GameInterface/Services/Missions",""
"battles.029","battles","Post-battle relations/rewards","Campaign encounter / rendered battle mission","renown; influence; skill XP; quest progress","each reward/side effect targets its actual eligible owner","unverified","candidate","source/GameInterface/Services/MapEvents;source/Missions/Battles;source/GameInterface/Services/Missions",""
"battles.030","battles","Mission exit","Campaign encounter / rendered battle mission","normal; retreat; tick exception; crash; completed battle","client returns to the correct campaign state with no retained live mission, and a tick exception does not leave the mission loop waiting forever","unverified","candidate","source/GameInterface/Services/MapEvents;source/Missions/Battles;source/GameInterface/Services/Missions;source/GameInterface/Services/GameState/Patches/OnTickRobustnessPatches.cs",""
"sieges.001","sieges","Begin siege","Siege camp / settlement siege menu / assault mission","town; castle; army leader; lone party","one registered siege event links correct besieger and settlement","experimental; gameplay unverified","candidate","source/GameInterface/Services/SiegeEvents;source/GameInterface/Services/SiegeEngines;source/GameInterface/Services/BesiegerCamps;source/GameInterface/Services/MapEvents;source/Missions;README.md",""
"sieges.002","sieges","Join besieger camp","Siege camp / settlement siege menu / assault mission","leader; army member; second player","party joins the correct siege side and observes shared progress","experimental; gameplay unverified","candidate","source/GameInterface/Services/SiegeEvents;source/GameInterface/Services/SiegeEngines;source/GameInterface/Services/BesiegerCamps;source/GameInterface/Services/MapEvents;source/Missions;README.md",""
"sieges.003","sieges","Leave siege","Siege camp / settlement siege menu / assault mission","leader departure; nonleader departure; final besieger","siege persists or ends according to remaining authoritative participants","experimental; gameplay unverified","candidate","source/GameInterface/Services/SiegeEvents;source/GameInterface/Services/SiegeEngines;source/GameInterface/Services/BesiegerCamps;source/GameInterface/Services/MapEvents;source/Missions;README.md",""
"sieges.004","sieges","Build siege camp","Siege camp / settlement siege menu / assault mission","progress; interruption; settlement relieved","camp readiness agrees across peers","experimental; gameplay unverified","candidate","source/GameInterface/Services/SiegeEvents;source/GameInterface/Services/SiegeEngines;source/GameInterface/Services/BesiegerCamps;source/GameInterface/Services/MapEvents;source/Missions;README.md",""
"sieges.005","sieges","Queue siege engine","Siege camp / settlement siege menu / assault mission","ram; tower; catapult; ballista; trebuchet where available","selected valid engine enters the correct construction slot","experimental; gameplay unverified","candidate","source/GameInterface/Services/SiegeEvents;source/GameInterface/Services/SiegeEngines;source/GameInterface/Services/BesiegerCamps;source/GameInterface/Services/MapEvents;source/Missions;README.md",""
"sieges.006","sieges","Construct siege engine","Siege camp / settlement siege menu / assault mission","progress; completion; destroyed during build","engine identity and progress agree","experimental; gameplay unverified","candidate","source/GameInterface/Services/SiegeEvents;source/GameInterface/Services/SiegeEngines;source/GameInterface/Services/BesiegerCamps;source/GameInterface/Services/MapEvents;source/Missions;README.md",""
"sieges.007","sieges","Move engine to reserve","Siege camp / settlement siege menu / assault mission","active slot; reserved slot; replacement","one engine occupies the intended slot/reserve","experimental; gameplay unverified","candidate","source/GameInterface/Services/SiegeEvents;source/GameInterface/Services/SiegeEngines;source/GameInterface/Services/BesiegerCamps;source/GameInterface/Services/MapEvents;source/Missions;README.md",""
"sieges.008","sieges","Siege bombardment","Siege camp / settlement siege menu / assault mission","engine hit; wall damage; engine destroyed","health and construction/destruction effects converge","experimental; gameplay unverified","candidate","source/GameInterface/Services/SiegeEvents;source/GameInterface/Services/SiegeEngines;source/GameInterface/Services/BesiegerCamps;source/GameInterface/Services/MapEvents;source/Missions;README.md",""
"sieges.009","sieges","Wall breach","Siege camp / settlement siege menu / assault mission","unbreached; one breach; multiple breaches","mission defenses reflect authoritative wall state","experimental; gameplay unverified","candidate","source/GameInterface/Services/SiegeEvents;source/GameInterface/Services/SiegeEngines;source/GameInterface/Services/BesiegerCamps;source/GameInterface/Services/MapEvents;source/Missions;README.md",""
"sieges.010","sieges","Siege supply shortage","Siege camp / settlement siege menu / assault mission","food exhausted; garrison starvation; militia","food and troop attrition agree without double daily losses","experimental; gameplay unverified","candidate","source/GameInterface/Services/SiegeEvents;source/GameInterface/Services/SiegeEngines;source/GameInterface/Services/BesiegerCamps;source/GameInterface/Services/MapEvents;source/Missions;README.md",""
"sieges.011","sieges","Lead siege assault","Siege camp / settlement siege menu / assault mission","ready; not ready; attacking army","all participating clients enter the correct assault map event","experimental; gameplay unverified","candidate","source/GameInterface/Services/SiegeEvents;source/GameInterface/Services/SiegeEngines;source/GameInterface/Services/BesiegerCamps;source/GameInterface/Services/MapEvents;source/Missions;README.md",""
"sieges.012","sieges","Defend siege","Siege camp / settlement siege menu / assault mission","garrison; militia; player party; relief army","defender roster and battle side contain the intended participants","experimental; gameplay unverified","candidate","source/GameInterface/Services/SiegeEvents;source/GameInterface/Services/SiegeEngines;source/GameInterface/Services/BesiegerCamps;source/GameInterface/Services/MapEvents;source/Missions;README.md",""
"sieges.013","sieges","Sally out","Siege camp / settlement siege menu / assault mission","eligible defenders; blocked action","accepted sally creates the correct encounter and returns state","experimental; gameplay unverified","candidate","source/GameInterface/Services/SiegeEvents;source/GameInterface/Services/SiegeEngines;source/GameInterface/Services/BesiegerCamps;source/GameInterface/Services/MapEvents;source/Missions;README.md",""
"sieges.014","sieges","Siege ambush","Siege camp / settlement siege menu / assault mission","launch; destroy engines; retreat; completion","engine losses and returned party state agree","experimental; gameplay unverified","candidate","source/GameInterface/Services/SiegeEvents;source/GameInterface/Services/SiegeEngines;source/GameInterface/Services/BesiegerCamps;source/GameInterface/Services/MapEvents;source/Missions;README.md",""
"sieges.015","sieges","Relieve siege","Siege camp / settlement siege menu / assault mission","attack besiegers; join defense; besieger defeat","siege lifecycle and army attachments converge","experimental; gameplay unverified","candidate","source/GameInterface/Services/SiegeEvents;source/GameInterface/Services/SiegeEngines;source/GameInterface/Services/BesiegerCamps;source/GameInterface/Services/MapEvents;source/Missions;README.md",""
"sieges.016","sieges","Capture settlement aftermath","Siege camp / settlement siege menu / assault mission","show mercy; pillage; devastate","accepted choice produces the intended ownership/roster/relations state","experimental; gameplay unverified","candidate","source/GameInterface/Services/SiegeEvents;source/GameInterface/Services/SiegeEngines;source/GameInterface/Services/BesiegerCamps;source/GameInterface/Services/MapEvents;source/Missions;README.md",""
"naval.001","naval","Embark party","Installed naval menu paths / optional mod mission module","port; shoreline where allowed; ships available","embark path exists for the enabled module set and retains party identity","release-excluded: do not enable War Sails DLC (README.md:88); support planned; no Missions.Naval project in bound tree","candidate","source/Missions;source/GameInterface/Services/MobileParties;features/baseline/installed.json;README.md",""
"naval.002","naval","Disembark party","Installed naval menu paths / optional mod mission module","port; landing; invalid location","accepted landing produces one authoritative land party","release-excluded: do not enable War Sails DLC (README.md:88); support planned; no Missions.Naval project in bound tree","candidate","source/Missions;source/GameInterface/Services/MobileParties;features/baseline/installed.json;README.md",""
"naval.003","naval","Naval campaign movement","Installed naval menu paths / optional mod mission module","sea route; destination; retreat","party movement and ship identity converge where naval opt-in is active","release-excluded: do not enable War Sails DLC (README.md:88); support planned; no Missions.Naval project in bound tree","candidate","source/Missions;source/GameInterface/Services/MobileParties;features/baseline/installed.json;README.md",""
"naval.004","naval","Naval encounter","Installed naval menu paths / optional mod mission module","hostile fleet; join ally; disengage","current encounter side and outcome agree for enabled naval support","release-excluded: do not enable War Sails DLC (README.md:88); support planned; no Missions.Naval project in bound tree","candidate","source/Missions;source/GameInterface/Services/MobileParties;features/baseline/installed.json;README.md",""
"naval.005","naval","Naval battle entry","Installed naval menu paths / optional mod mission module","ship selection; player/team ownership","players board the intended registered vessels","release-excluded: do not enable War Sails DLC (README.md:88); support planned; no Missions.Naval project in bound tree","candidate","source/Missions;source/GameInterface/Services/MobileParties;features/baseline/installed.json;README.md",""
"naval.006","naval","Ship movement","Installed naval menu paths / optional mod mission module","course; speed; collision","ship authority and observed movement agree","release-excluded: do not enable War Sails DLC (README.md:88); support planned; no Missions.Naval project in bound tree","candidate","source/Missions;source/GameInterface/Services/MobileParties;features/baseline/installed.json;README.md",""
"naval.007","naval","Boarding combat","Installed naval menu paths / optional mod mission module","board; repel; casualties","agents and roster casualties remain associated with correct parties","release-excluded: do not enable War Sails DLC (README.md:88); support planned; no Missions.Naval project in bound tree","candidate","source/Missions;source/GameInterface/Services/MobileParties;features/baseline/installed.json;README.md",""
"naval.008","naval","Naval projectile hit","Installed naval menu paths / optional mod mission module","ship; crew; water miss","impact/damage is applied once to the intended target","release-excluded: do not enable War Sails DLC (README.md:88); support planned; no Missions.Naval project in bound tree","candidate","source/Missions;source/GameInterface/Services/MobileParties;features/baseline/installed.json;README.md",""
"naval.009","naval","Naval disable/opt-in boundary","Installed naval menu paths / optional mod mission module","module absent; opt-in absent; enabled","unsupported launch/action is visible and not reported as tested support","release-excluded: do not enable War Sails DLC (README.md:88); support planned; no Missions.Naval project in bound tree","candidate","source/Missions;source/GameInterface/Services/MobileParties;features/baseline/installed.json;README.md",""
"ai.001","ai","AI strategic objective","Authoritative campaign ticks / observed map state","attack; defend; recruit; resupply","authoritative goal/behavior is replicated to observing clients","unverified","candidate","source/GameInterface/Services/MobilePartyAIs;source/GameInterface/Services/Bandits;source/GameInterface/Services/Actions",""
"ai.002","ai","AI party think","Authoritative campaign ticks / observed map state","daily/hourly tick; player nearby","client-disabled behavior does not create a second decision","unverified","candidate","source/GameInterface/Services/MobilePartyAIs;source/GameInterface/Services/Bandits;source/GameInterface/Services/Actions",""
"ai.003","ai","AI army movement","Authoritative campaign ticks / observed map state","member; leader; disband","parties follow the same authoritative army objective","unverified","candidate","source/GameInterface/Services/MobilePartyAIs;source/GameInterface/Services/Bandits;source/GameInterface/Services/Actions",""
"ai.004","ai","AI recruitment","Authoritative campaign ticks / observed map state","stock; available gold; roster capacity","volunteers/resources and roster changes occur once","unverified","candidate","source/GameInterface/Services/MobilePartyAIs;source/GameInterface/Services/Bandits;source/GameInterface/Services/Actions",""
"ai.005","ai","AI food purchase","Authoritative campaign ticks / observed map state","market visit; insufficient stock","party/market resources balance after the authoritative purchase","unverified","candidate","source/GameInterface/Services/MobilePartyAIs;source/GameInterface/Services/Bandits;source/GameInterface/Services/Actions",""
"ai.006","ai","AI prisoner sale","Authoritative campaign ticks / observed map state","settlement visit; captives","gold and prisoner roster changes occur once","unverified","candidate","source/GameInterface/Services/MobilePartyAIs;source/GameInterface/Services/Bandits;source/GameInterface/Services/Actions",""
"ai.007","ai","AI loot sale","Authoritative campaign ticks / observed map state","market visit; sale inventory","party trade funds and stock agree","unverified","candidate","source/GameInterface/Services/MobilePartyAIs;source/GameInterface/Services/Bandits;source/GameInterface/Services/Actions",""
"ai.008","ai","Bandit spawning","Authoritative campaign ticks / observed map state","spawn eligibility; cap; party creation","one registered bandit party appears per authoritative spawn","unverified","candidate","source/GameInterface/Services/MobilePartyAIs;source/GameInterface/Services/Bandits;source/GameInterface/Services/Actions",""
"ai.009","ai","Hideout spawning","Authoritative campaign ticks / observed map state","location available; cap; removal","hideout and resident parties have consistent identities","unverified","candidate","source/GameInterface/Services/MobilePartyAIs;source/GameInterface/Services/Bandits;source/GameInterface/Services/Actions",""
"ai.010","ai","Desertion","Authoritative campaign ticks / observed map state","low morale; unpaid wages; over capacity","deserting troops and any created party are consistent","unverified","candidate","source/GameInterface/Services/MobilePartyAIs;source/GameInterface/Services/Bandits;source/GameInterface/Services/Actions",""
"ai.011","ai","Rebellion AI","Authoritative campaign ticks / observed map state","new faction; nearby parties; defeat","new objects are registered and remaining world state converges","unverified","candidate","source/GameInterface/Services/MobilePartyAIs;source/GameInterface/Services/Bandits;source/GameInterface/Services/Actions",""
"presentation.001","presentation","Party map banner","Client campaign HUD / encyclopedia / map / notifications","owner; banner edit; kingdom change","visual banner matches authoritative ownership/design","unverified","candidate","source/GameInterface/Services/UI;source/GameInterface/Services/Chat;source/GameInterface/Services/Voice;source/GameInterface/Services/PartyVisuals;UIMovies",""
"presentation.002","presentation","Party map name","Client campaign HUD / encyclopedia / map / notifications","hero/clan rename; hidden party","visible name matches the permitted current party state","unverified","candidate","source/GameInterface/Services/UI;source/GameInterface/Services/Chat;source/GameInterface/Services/Voice;source/GameInterface/Services/PartyVisuals;UIMovies",""
"presentation.003","presentation","Party tooltip","Client campaign HUD / encyclopedia / map / notifications","troop count; prisoners; morale; speed","displayed values agree with independently observed state","unverified","candidate","source/GameInterface/Services/UI;source/GameInterface/Services/Chat;source/GameInterface/Services/Voice;source/GameInterface/Services/PartyVisuals;UIMovies",""
"presentation.004","presentation","Settlement tooltip","Client campaign HUD / encyclopedia / map / notifications","owner; garrison; militia; siege; stocks","displayed settlement state agrees across clients","unverified","candidate","source/GameInterface/Services/UI;source/GameInterface/Services/Chat;source/GameInterface/Services/Voice;source/GameInterface/Services/PartyVisuals;UIMovies",""
"presentation.005","presentation","Campaign notifications","Client campaign HUD / encyclopedia / map / notifications","quest; kingdom; hero; battle","notification references the correct current event and recipient","unverified","candidate","source/GameInterface/Services/UI;source/GameInterface/Services/Chat;source/GameInterface/Services/Voice;source/GameInterface/Services/PartyVisuals;UIMovies",""
"presentation.006","presentation","Encyclopedia hero page","Client campaign HUD / encyclopedia / map / notifications","location; clan; relation; biography","page uses the intended current registered hero","unverified","candidate","source/GameInterface/Services/UI;source/GameInterface/Services/Chat;source/GameInterface/Services/Voice;source/GameInterface/Services/PartyVisuals;UIMovies",""
"presentation.007","presentation","Encyclopedia clan page","Client campaign HUD / encyclopedia / map / notifications","members; leader; kingdom; fiefs","page matches authoritative clan state","unverified","candidate","source/GameInterface/Services/UI;source/GameInterface/Services/Chat;source/GameInterface/Services/Voice;source/GameInterface/Services/PartyVisuals;UIMovies",""
"presentation.008","presentation","Encyclopedia kingdom page","Client campaign HUD / encyclopedia / map / notifications","clans; war/peace; leader","page matches authoritative kingdom state","unverified","candidate","source/GameInterface/Services/UI;source/GameInterface/Services/Chat;source/GameInterface/Services/Voice;source/GameInterface/Services/PartyVisuals;UIMovies",""
"presentation.009","presentation","Encyclopedia settlement page","Client campaign HUD / encyclopedia / map / notifications","owner; bound villages; economy","page refers to the actual settlement and current owner","unverified","candidate","source/GameInterface/Services/UI;source/GameInterface/Services/Chat;source/GameInterface/Services/Voice;source/GameInterface/Services/PartyVisuals;UIMovies",""
"presentation.010","presentation","Player list","Client campaign HUD / encyclopedia / map / notifications","join; leave; identity; party","list reflects current admitted clients without duplicate identities","unverified","candidate","source/GameInterface/Services/UI;source/GameInterface/Services/Chat;source/GameInterface/Services/Voice;source/GameInterface/Services/PartyVisuals;UIMovies",""
"presentation.011","presentation","Text chat","Client campaign HUD / encyclopedia / map / notifications","send; receive; channel; reconnect","intended connected peers see one copy with correct sender","unverified","candidate","source/GameInterface/Services/UI;source/GameInterface/Services/Chat;source/GameInterface/Services/Voice;source/GameInterface/Services/PartyVisuals;UIMovies",""
"presentation.012","presentation","Voice communication","Client campaign HUD / encyclopedia / map / notifications","transmit; receive; muted; disconnected","audio routing and mute state follow the selected peers","unverified","candidate","source/GameInterface/Services/UI;source/GameInterface/Services/Chat;source/GameInterface/Services/Voice;source/GameInterface/Services/PartyVisuals;UIMovies",""
"presentation.013","presentation","Loading screen","Client campaign HUD / encyclopedia / map / notifications","save transfer; campaign load; failure","loading presentation corresponds to actual readiness/failure","unverified","candidate","source/GameInterface/Services/UI;source/GameInterface/Services/Chat;source/GameInterface/Services/Voice;source/GameInterface/Services/PartyVisuals;UIMovies",""
"presentation.014","presentation","Map event marker","Client campaign HUD / encyclopedia / map / notifications","battle; siege; event completion","marker appears and disappears with the correct authoritative event","unverified","candidate","source/GameInterface/Services/UI;source/GameInterface/Services/Chat;source/GameInterface/Services/Voice;source/GameInterface/Services/PartyVisuals;UIMovies",""
"options.001","options","Co-op options menu","Client options / co-op options / time controls","open; edit; confirm; cancel","accepted options persist and affect only the intended scope","unverified","candidate","source/GameInterface/Services/UI/CoopOptions;source/GameInterface/Services/Time;source/GameInterface/Services/Difficulties",""
"options.002","options","Campaign pause","Client options / co-op options / time controls","menu pause; player request; policy restrictions","effective time control follows authoritative pause policy","unverified","candidate","source/GameInterface/Services/UI/CoopOptions;source/GameInterface/Services/Time;source/GameInterface/Services/Difficulties",""
"options.003","options","Campaign time speed","Client options / co-op options / time controls","normal; fast; accelerated; conflicting requests","all peers use the effective authoritative time rate","unverified","candidate","source/GameInterface/Services/UI/CoopOptions;source/GameInterface/Services/Time;source/GameInterface/Services/Difficulties",""
"options.004","options","Time while players disconnected","Client options / co-op options / time controls","none; one remaining; host idle","configured server policy controls campaign progression","unverified","candidate","source/GameInterface/Services/UI/CoopOptions;source/GameInterface/Services/Time;source/GameInterface/Services/Difficulties",""
"options.005","options","Difficulty settings","Client options / co-op options / time controls","damage; recruitment; combat; campaign parameters","current effective option matches persisted configuration","unverified","candidate","source/GameInterface/Services/UI/CoopOptions;source/GameInterface/Services/Time;source/GameInterface/Services/Difficulties",""
"options.006","options","Audio/graphics/input options","Client options / co-op options / time controls","apply; cancel; restart-dependent","local preference affects intended rendering/input without gameplay state divergence","unverified","candidate","source/GameInterface/Services/UI/CoopOptions;source/GameInterface/Services/Time;source/GameInterface/Services/Difficulties",""
"options.007","options","Hotkey interaction","Client options / co-op options / time controls","map; inventory; character; mission","input reaches the visible intended context","unverified","candidate","source/GameInterface/Services/UI/CoopOptions;source/GameInterface/Services/Time;source/GameInterface/Services/Difficulties",""
"options.008","options","Wanderer spawn rate","Server mod configuration / campaign tavern availability","disabled; default; multiple per tick; population limit; player-occupied town","eligible towns receive the configured number of new unaffiliated wanderers without exceeding shared limits","unverified","candidate","source/GameInterface/Configuration;source/GameInterface/Services/Companions;deploy/mod-config.default.json",""
"save.001","save","Save campaign","Server save / session sidecar / startup save selection","manual; automatic; pending authoritative action","completed save is readable and identified after write completion","unverified","candidate","source/GameInterface/Services/Save;source/Coop.Core;doc/automated-testing/mcp-deployment.md;tools/CoopMcpServer",""
"save.002","save","Save player registrations","Server save / session sidecar / startup save selection","multiple clients; disconnected player","session metadata retains correct platform/hero/party mappings","unverified","candidate","source/GameInterface/Services/Save;source/Coop.Core;doc/automated-testing/mcp-deployment.md;tools/CoopMcpServer",""
"save.003","save","Save quest ownership","Server save / session sidecar / startup save selection","personal; alternative in progress; completed","owner/progress survive without reward replay","unverified","candidate","source/GameInterface/Services/Save;source/Coop.Core;doc/automated-testing/mcp-deployment.md;tools/CoopMcpServer",""
"save.004","save","Save crafted items","Server save / session sidecar / startup save selection","new weapon; custom name; design identity","item and design reload with stable identity","unverified","candidate","source/GameInterface/Services/Save;source/Coop.Core;doc/automated-testing/mcp-deployment.md;tools/CoopMcpServer",""
"save.005","save","Save dynamic world objects","Server save / session sidecar / startup save selection","new party; rebel clan; newborn hero","reloaded objects register once and references resolve","unverified","candidate","source/GameInterface/Services/Save;source/Coop.Core;doc/automated-testing/mcp-deployment.md;tools/CoopMcpServer",""
"save.006","save","Load existing campaign","Server save / session sidecar / startup save selection","compatible; missing; corrupt","loaded identity/readiness is observed or concrete load error is retained","unverified","candidate","source/GameInterface/Services/Save;source/Coop.Core;doc/automated-testing/mcp-deployment.md;tools/CoopMcpServer",""
"save.007","save","Select startup save","Server save / session sidecar / startup save selection","exact catalog basename; missing; unreadable","requested selection is distinct from actual confirmed campaign identity","unverified","candidate","source/GameInterface/Services/Save;source/Coop.Core;doc/automated-testing/mcp-deployment.md;tools/CoopMcpServer",""
"save.008","save","Join after reload","Server save / session sidecar / startup save selection","returning player; new player","correct saved or new hero/party is admitted once","unverified","candidate","source/GameInterface/Services/Save;source/Coop.Core;doc/automated-testing/mcp-deployment.md;tools/CoopMcpServer",""
"save.009","save","Save shutdown continuity","Server save / session sidecar / startup save selection","save active; process exit; cancellation","only verified completed saves are treated as durable recovery points","unverified","candidate","source/GameInterface/Services/Save;source/Coop.Core;doc/automated-testing/mcp-deployment.md;tools/CoopMcpServer",""
"save.010","save","Session sidecar missing","Server save / session sidecar / startup save selection","campaign save exists; no player metadata","missing registration persistence is reported without invented recovery","unverified","candidate","source/GameInterface/Services/Save;source/Coop.Core;doc/automated-testing/mcp-deployment.md;tools/CoopMcpServer",""
"tools.001","tools","Select required verification","Repository selector / direct bannerlord-coop MCP / evidence","known documentation; unknown path; invalid identity","unit selection, fail-closed full-live selection and invalid-input exit are independently asserted","tooling exercised; no gameplay proof","exercised","source/VerificationHarness;tools/CoopMcpServer;doc/automated-testing/verification-harness.md","recipes/selection.md"
"tools.002","tools","Read launch preflight","Repository selector / direct bannerlord-coop MCP / evidence","commit headroom; bridge compatibility; ownership","read-only preflight reports prerequisites without launching/deploying","tooling-only","source-inspected","source/VerificationHarness;tools/CoopMcpServer;doc/automated-testing/verification-harness.md",""
"tools.003","tools","Read runtime readiness","Repository selector / direct bannerlord-coop MCP / evidence","started; readyToJoin; readyForCampaignTests","launch and process liveness are distinguished from campaign readiness","tooling-only","source-inspected","source/VerificationHarness;tools/CoopMcpServer;doc/automated-testing/verification-harness.md",""
"tools.004","tools","Drive registered command","Repository selector / direct bannerlord-coop MCP / evidence","side allowed; arguments valid; framework failure","structured success/failure and actual world outcome agree","tooling-only","source-inspected","source/VerificationHarness;tools/CoopMcpServer;doc/automated-testing/verification-harness.md",""
"tools.005","tools","Inspect native UI","Repository selector / direct bannerlord-coop MCP / evidence","layers; current snapshot; stale target","interaction targets the current visible eligible widget","tooling-only","source-inspected","source/VerificationHarness;tools/CoopMcpServer;doc/automated-testing/verification-harness.md",""
"tools.006","tools","Capture rendered screenshot","Repository selector / direct bannerlord-coop MCP / evidence","correct client; frame completed; failed capture","evidence comes from the intended rendered client and retained frame","tooling-only","source-inspected","source/VerificationHarness;tools/CoopMcpServer;doc/automated-testing/verification-harness.md",""
"tools.007","tools","Read incremental logs","Repository selector / direct bannerlord-coop MCP / evidence","cursor; rotation; stopped archive","log evidence remains attributed to the correct instance/run","tooling-only","source-inspected","source/VerificationHarness;tools/CoopMcpServer;doc/automated-testing/verification-harness.md",""
"tools.008","tools","Stop owned runtime","Repository selector / direct bannerlord-coop MCP / evidence","partial launch; normal; failed cleanup","owned process cleanup is confirmed and unrelated processes survive","tooling-only","source-inspected","source/VerificationHarness;tools/CoopMcpServer;doc/automated-testing/verification-harness.md",""
"tools.009","tools","Deploy selected Debug build","Repository selector / direct bannerlord-coop MCP / evidence","explicit deployment; immutable manifest; rollback","installed hashes/MVIDs match tested source or a concrete recovery blocker remains","tooling-only","source-inspected","source/VerificationHarness;tools/CoopMcpServer;doc/automated-testing/verification-harness.md",""
"tools.010","tools","Retain evidence","Repository selector / direct bannerlord-coop MCP / evidence","success; failure; uncertain mutation","raw artifacts remain readable after cleanup with exact source/run identity","tooling-only","source-inspected","source/VerificationHarness;tools/CoopMcpServer;doc/automated-testing/verification-harness.md",""
"vanilla-modes.001","vanilla-modes","Sandbox campaign","Native/SandBox/StoryMode/CustomBattle/Multiplayer entry points","new game; saved game","entry and behavior registration are established for the exact installed build","unverified","candidate","features/baseline/installed.json;source/Coop/CoopMod.cs;source/GameInterface/Services/UI",""
"vanilla-modes.002","vanilla-modes","Story campaign","Native/SandBox/StoryMode/CustomBattle/Multiplayer entry points","tutorial; story progression; quest phases","StoryMode-owned paths require separate source and runtime evidence","unverified","candidate","features/baseline/installed.json;source/Coop/CoopMod.cs;source/GameInterface/Services/UI",""
"vanilla-modes.003","vanilla-modes","Custom battle","Native/SandBox/StoryMode/CustomBattle/Multiplayer entry points","battle setup; teams; troop selection","standalone mode is kept separate from co-op campaign claims","unverified","candidate","features/baseline/installed.json;source/Coop/CoopMod.cs;source/GameInterface/Services/UI",""
"vanilla-modes.004","vanilla-modes","Native multiplayer","Native/SandBox/StoryMode/CustomBattle/Multiplayer entry points","lobby; matchmaking; multiplayer modes","native multiplayer behavior is not inferred from co-op campaign networking","unverified","candidate","features/baseline/installed.json;source/Coop/CoopMod.cs;source/GameInterface/Services/UI",""
"vanilla-modes.005","vanilla-modes","DLC module availability","Native/SandBox/StoryMode/CustomBattle/Multiplayer entry points","installed; selected; licensed; opt-in","module availability and active gameplay support are reported separately","unverified","candidate","features/baseline/installed.json;source/Coop/CoopMod.cs;source/GameInterface/Services/UI",""
"vanilla-modes.006","vanilla-modes","Launcher and module selection","Native/SandBox/StoryMode/CustomBattle/Multiplayer entry points","required baseline modules; Coop declaration","selected module set matches the bound installed/deployed source identity","unverified","candidate","features/baseline/installed.json;source/Coop/CoopMod.cs;source/GameInterface/Services/UI",""
"presentation.015","presentation","Narrative incident UI","Campaign incident invocation","ordinary incident; authoritative world continues","InvokeIncident is suppressed by the current patch; do not report this UI as verified gameplay","disabled by InvokeIncident prefix","source-inspected","source/GameInterface/Services/UI/Patches/IncidentDisable.cs",""
"save.011","save","Client escape-menu save buttons","Client campaign escape menu","Save; Save As; Save And Exit; refresh","client save actions remain disabled after refresh and identify server-owned campaign saving","disabled on clients","source-inspected","source/GameInterface/Services/UI/Patches/EscapeMenuDisableSavePatch.cs",""
